RID,DESIGN_ROW,SCENARIO,SEQ,pref1,a1_x1,a1_x2,a1_x3,a1_x4,a2_x1,a2_x2,a2_x3,a2_x4,a3_x1,a3_x2,a3_x3,a3_x4
234992,6,9,9,1,3,1,2,2,1,2,3,3,1,1,1,1
234992,8,1,1,3,1,3,2,3,2,1,3,4,1,1,1,1
234992,9,7,7,3,2,1,3,3,3,2,1,4,1,1,1,1
234992,11,8,8,3,3,2,3,4,1,3,1,5,1,1,1,1
234992,16,5,5,3,3,3,2,6,1,1,3,1,1,1,1,1
234992,2,2,2,2,2,2,2,1,3,3,3,2,1,1,1,1
234992,7,3,3,3,3,2,1,3,1,3,2,4,1,1,1,1
234992,5,4,4,3,2,3,1,2,3,1,2,3,1,1,1,1
234992,12,6,6,3,1,3,1,4,2,1,2,5,1,1,1,1
235006,10,4,4,2,2,1,2,4,3,2,3,5,1,1,1,1
235006,7,3,3,1,3,2,1,3,1,3,2,4,1,1,1,1
235006,9,5,5,2,2,1,3,3,3,2,1,4,1,1,1,1
235006,17,8,8,2,1,1,3,6,2,2,1,1,1,1,1,1
235006,16,2,2,1,3,3,2,6,1,1,3,1,1,1,1,1
235006,11,9,9,1,3,2,3,4,1,3,1,5,1,1,1,1
235006,14,1,1,1,3,1,1,5,1,2,2,6,1,1,1,1
235006,2,7,7,1,2,2,2,1,3,3,3,2,1,1,1,1
235006,12,6,6,2,1,3,1,4,2,1,2,5,1,1,1,1
230934,2,4,4,2,2,2,2,1,3,3,3,2,1,1,1,1
230934,6,3,3,3,3,1,2,2,1,2,3,3,1,1,1,1
230934,17,8,8,2,1,1,3,6,2,2,1,1,1,1,1,1
230934,8,5,5,2,1,3,2,3,2,1,3,4,1,1,1,1
230934,18,2,2,3,2,2,1,6,3,3,2,1,1,1,1,1
230934,7,1,1,3,3,2,1,3,1,3,2,4,1,1,1,1
230934,16,9,9,1,3,3,2,6,1,1,3,1,1,1,1,1
230934,15,7,7,2,1,2,2,5,2,3,3,6,1,1,1,1
230934,3,6,6,2,3,3,3,1,1,1,1,2,1,1,1,1
230935,13,6,6,3,2,3,3,5,3,1,1,6,1,1,1,1
230935,11,3,3,3,3,2,3,4,1,3,1,5,1,1,1,1
230935,5,4,4,3,2,3,1,2,3,1,2,3,1,1,1,1
230935,4,1,1,3,1,2,3,2,2,3,1,3,1,1,1,1
230935,9,9,9,3,2,1,3,3,3,2,1,4,1,1,1,1
230935,14,7,7,3,3,1,1,5,1,2,2,6,1,1,1,1
230935,10,5,5,3,2,1,2,4,3,2,3,5,1,1,1,1
230935,1,8,8,3,1,1,1,1,2,2,2,2,1,1,1,1
230935,12,2,2,3,1,3,1,4,2,1,2,5,1,1,1,1
230940,3,2,2,1,3,3,3,1,1,1,1,2,1,1,1,1
230940,8,5,5,2,1,3,2,3,2,1,3,4,1,1,1,1
230940,12,8,8,2,1,3,1,4,2,1,2,5,1,1,1,1
230940,17,7,7,1,1,1,3,6,2,2,1,1,1,1,1,1
230940,4,9,9,2,1,2,3,2,2,3,1,3,1,1,1,1
230940,11,1,1,3,3,2,3,4,1,3,1,5,1,1,1,1
230940,9,4,4,2,2,1,3,3,3,2,1,4,1,1,1,1
230940,10,3,3,2,2,1,2,4,3,2,3,5,1,1,1,1
230940,15,6,6,1,1,2,2,5,2,3,3,6,1,1,1,1
235061,15,1,1,1,1,2,2,5,2,3,3,6,1,1,1,1
235061,5,9,9,1,2,3,1,2,3,1,2,3,1,1,1,1
235061,14,7,7,2,3,1,1,5,1,2,2,6,1,1,1,1
235061,17,8,8,2,1,1,3,6,2,2,1,1,1,1,1,1
235061,18,5,5,2,2,2,1,6,3,3,2,1,1,1,1,1
235061,1,2,2,2,1,1,1,1,2,2,2,2,1,1,1,1
235061,3,3,3,1,3,3,3,1,1,1,1,2,1,1,1,1
235061,13,4,4,1,2,3,3,5,3,1,1,6,1,1,1,1
235061,4,6,6,2,1,2,3,2,2,3,1,3,1,1,1,1
235260,10,1,1,2,2,1,2,4,3,2,3,5,1,1,1,1
235260,3,9,9,2,3,3,3,1,1,1,1,2,1,1,1,1
235260,18,7,7,2,2,2,1,6,3,3,2,1,1,1,1,1
235260,1,8,8,2,1,1,1,1,2,2,2,2,1,1,1,1
235260,4,5,5,2,1,2,3,2,2,3,1,3,1,1,1,1
235260,13,2,2,2,2,3,3,5,3,1,1,6,1,1,1,1
235260,15,3,3,2,1,2,2,5,2,3,3,6,1,1,1,1
235260,6,4,4,2,3,1,2,2,1,2,3,3,1,1,1,1
235260,8,6,6,2,1,3,2,3,2,1,3,4,1,1,1,1
235520,18,6,6,3,2,2,1,6,3,3,2,1,1,1,1,1
235520,5,5,5,3,2,3,1,2,3,1,2,3,1,1,1,1
235520,16,8,8,3,3,3,2,6,1,1,3,1,1,1,1,1
235520,4,2,2,3,1,2,3,2,2,3,1,3,1,1,1,1
235520,17,9,9,3,1,1,3,6,2,2,1,1,1,1,1,1
235520,12,1,1,3,1,3,1,4,2,1,2,5,1,1,1,1
235520,10,7,7,3,2,1,2,4,3,2,3,5,1,1,1,1
235520,2,4,4,3,2,2,2,1,3,3,3,2,1,1,1,1
235520,15,3,3,3,1,2,2,5,2,3,3,6,1,1,1,1
236028,3,3,3,2,3,3,3,1,1,1,1,2,1,1,1,1
236028,7,4,4,1,3,2,1,3,1,3,2,4,1,1,1,1
236028,13,7,7,3,2,3,3,5,3,1,1,6,1,1,1,1
236028,1,1,1,2,1,1,1,1,2,2,2,2,1,1,1,1
236028,11,9,9,3,3,2,3,4,1,3,1,5,1,1,1,1
236028,8,2,2,2,1,3,2,3,2,1,3,4,1,1,1,1
236028,14,8,8,3,3,1,1,5,1,2,2,6,1,1,1,1
236028,9,5,5,1,2,1,3,3,3,2,1,4,1,1,1,1
236028,6,6,6,1,3,1,2,2,1,2,3,3,1,1,1,1
238691,16,4,4,3,3,3,2,6,1,1,3,1,1,1,1,1
238691,1,3,3,3,1,1,1,1,2,2,2,2,1,1,1,1
238691,10,8,8,3,2,1,2,4,3,2,3,5,1,1,1,1
238691,9,5,5,3,2,1,3,3,3,2,1,4,1,1,1,1
238691,6,2,2,1,3,1,2,2,1,2,3,3,1,1,1,1
238691,8,9,9,3,1,3,2,3,2,1,3,4,1,1,1,1
238691,5,1,1,1,2,3,1,2,3,1,2,3,1,1,1,1
238691,4,7,7,2,1,2,3,2,2,3,1,3,1,1,1,1
238691,14,6,6,3,3,1,1,5,1,2,2,6,1,1,1,1
250293,4,4,4,2,1,2,3,2,2,3,1,3,1,1,1,1
250293,15,9,9,3,1,2,2,5,2,3,3,6,1,1,1,1
250293,13,6,6,3,2,3,3,5,3,1,1,6,1,1,1,1
250293,16,7,7,3,3,3,2,6,1,1,3,1,1,1,1,1
250293,12,3,3,3,1,3,1,4,2,1,2,5,1,1,1,1
250293,11,8,8,3,3,2,3,4,1,3,1,5,1,1,1,1
250293,2,2,2,2,2,2,2,1,3,3,3,2,1,1,1,1
250293,7,5,5,1,3,2,1,3,1,3,2,4,1,1,1,1
250293,10,1,1,3,2,1,2,4,3,2,3,5,1,1,1,1
250296,18,3,3,2,2,2,1,6,3,3,2,1,1,1,1,1
250296,3,7,7,1,3,3,3,1,1,1,1,2,1,1,1,1
250296,17,6,6,2,1,1,3,6,2,2,1,1,1,1,1,1
250296,16,9,9,3,3,3,2,6,1,1,3,1,1,1,1,1
250296,6,4,4,1,3,1,2,2,1,2,3,3,1,1,1,1
250296,9,1,1,2,2,1,3,3,3,2,1,4,1,1,1,1
250296,8,5,5,1,1,3,2,3,2,1,3,4,1,1,1,1
250296,1,2,2,2,1,1,1,1,2,2,2,2,1,1,1,1
250296,15,8,8,3,1,2,2,5,2,3,3,6,1,1,1,1
250298,8,6,6,1,1,3,2,3,2,1,3,4,1,1,1,1
250298,2,9,9,1,2,2,2,1,3,3,3,2,1,1,1,1
250298,12,7,7,3,1,3,1,4,2,1,2,5,1,1,1,1
250298,6,3,3,1,3,1,2,2,1,2,3,3,1,1,1,1
250298,18,4,4,2,2,2,1,6,3,3,2,1,1,1,1,1
250298,11,1,1,3,3,2,3,4,1,3,1,5,1,1,1,1
250298,13,5,5,3,2,3,3,5,3,1,1,6,1,1,1,1
250298,4,2,2,2,1,2,3,2,2,3,1,3,1,1,1,1
250298,5,8,8,1,2,3,1,2,3,1,2,3,1,1,1,1
250312,10,4,4,3,2,1,2,4,3,2,3,5,1,1,1,1
250312,7,7,7,1,3,2,1,3,1,3,2,4,1,1,1,1
250312,14,3,3,3,3,1,1,5,1,2,2,6,1,1,1,1
250312,9,6,6,1,2,1,3,3,3,2,1,4,1,1,1,1
250312,11,9,9,3,3,2,3,4,1,3,1,5,1,1,1,1
250312,12,8,8,3,1,3,1,4,2,1,2,5,1,1,1,1
250312,3,1,1,2,3,3,3,1,1,1,1,2,1,1,1,1
250312,1,5,5,2,1,1,1,1,2,2,2,2,1,1,1,1
250312,17,2,2,2,1,1,3,6,2,2,1,1,1,1,1,1
250421,9,9,9,3,2,1,3,3,3,2,1,4,1,1,1,1
250421,1,6,6,3,1,1,1,1,2,2,2,2,1,1,1,1
250421,15,7,7,3,1,2,2,5,2,3,3,6,1,1,1,1
250421,10,3,3,3,2,1,2,4,3,2,3,5,1,1,1,1
250421,6,4,4,3,3,1,2,2,1,2,3,3,1,1,1,1
250421,7,5,5,3,3,2,1,3,1,3,2,4,1,1,1,1
250421,4,2,2,3,1,2,3,2,2,3,1,3,1,1,1,1
250421,3,1,1,1,3,3,3,1,1,1,1,2,1,1,1,1
250421,8,8,8,3,1,3,2,3,2,1,3,4,1,1,1,1
250424,8,7,7,1,1,3,2,3,2,1,3,4,1,1,1,1
250424,5,3,3,1,2,3,1,2,3,1,2,3,1,1,1,1
250424,11,9,9,3,3,2,3,4,1,3,1,5,1,1,1,1
250424,18,6,6,2,2,2,1,6,3,3,2,1,1,1,1,1
250424,14,4,4,3,3,1,1,5,1,2,2,6,1,1,1,1
250424,16,5,5,3,3,3,2,6,1,1,3,1,1,1,1,1
250424,13,2,2,3,2,3,3,5,3,1,1,6,1,1,1,1
250424,17,1,1,3,1,1,3,6,2,2,1,1,1,1,1,1
250424,4,8,8,2,1,2,3,2,2,3,1,3,1,1,1,1
250442,9,4,4,2,2,1,3,3,3,2,1,4,1,1,1,1
250442,14,3,3,1,3,1,1,5,1,2,2,6,1,1,1,1
250442,18,7,7,2,2,2,1,6,3,3,2,1,1,1,1,1
250442,2,6,6,2,2,2,2,1,3,3,3,2,1,1,1,1
250442,10,9,9,2,2,1,2,4,3,2,3,5,1,1,1,1
250442,13,8,8,1,2,3,3,5,3,1,1,6,1,1,1,1
250442,16,1,1,1,3,3,2,6,1,1,3,1,1,1,1,1
250442,15,2,2,2,1,2,2,5,2,3,3,6,1,1,1,1
250442,5,5,5,1,2,3,1,2,3,1,2,3,1,1,1,1
250445,4,7,7,3,1,2,3,2,2,3,1,3,1,1,1,1
250445,7,3,3,3,3,2,1,3,1,3,2,4,1,1,1,1
250445,17,6,6,3,1,1,3,6,2,2,1,1,1,1,1,1
250445,18,9,9,3,2,2,1,6,3,3,2,1,1,1,1,1
250445,6,4,4,3,3,1,2,2,1,2,3,3,1,1,1,1
250445,1,1,1,3,1,1,1,1,2,2,2,2,1,1,1,1
250445,12,5,5,3,1,3,1,4,2,1,2,5,1,1,1,1
250445,3,2,2,3,3,3,3,1,1,1,1,2,1,1,1,1
250445,15,8,8,3,1,2,2,5,2,3,3,6,1,1,1,1
250476,1,4,4,2,1,1,1,1,2,2,2,2,1,1,1,1
250476,2,6,6,2,2,2,2,1,3,3,3,2,1,1,1,1
250476,6,9,9,1,3,1,2,2,1,2,3,3,1,1,1,1
250476,3,3,3,1,3,3,3,1,1,1,1,2,1,1,1,1
250476,17,7,7,2,1,1,3,6,2,2,1,1,1,1,1,1
250476,16,8,8,3,3,3,2,6,1,1,3,1,1,1,1,1
250476,7,1,1,1,3,2,1,3,1,3,2,4,1,1,1,1
250476,14,5,5,3,3,1,1,5,1,2,2,6,1,1,1,1
250476,11,2,2,3,3,2,3,4,1,3,1,5,1,1,1,1
250502,5,1,1,1,2,3,1,2,3,1,2,3,1,1,1,1
250502,13,5,5,3,2,3,3,5,3,1,1,6,1,1,1,1
250502,10,2,2,3,2,1,2,4,3,2,3,5,1,1,1,1
250502,17,8,8,2,1,1,3,6,2,2,1,1,1,1,1,1
250502,1,7,7,2,1,1,1,1,2,2,2,2,1,1,1,1
250502,9,3,3,3,2,1,3,3,3,2,1,4,1,1,1,1
250502,12,6,6,3,1,3,1,4,2,1,2,5,1,1,1,1
250502,14,9,9,3,3,1,1,5,1,2,2,6,1,1,1,1
250502,8,4,4,3,1,3,2,3,2,1,3,4,1,1,1,1
250504,10,6,6,3,2,1,2,4,3,2,3,5,1,1,1,1
250504,4,9,9,2,1,2,3,2,2,3,1,3,1,1,1,1
250504,6,3,3,1,3,1,2,2,1,2,3,3,1,1,1,1
250504,2,7,7,2,2,2,2,1,3,3,3,2,1,1,1,1
250504,12,4,4,3,1,3,1,4,2,1,2,5,1,1,1,1
250504,16,1,1,3,3,3,2,6,1,1,3,1,1,1,1,1
250504,8,5,5,1,1,3,2,3,2,1,3,4,1,1,1,1
250504,3,2,2,1,3,3,3,1,1,1,1,2,1,1,1,1
250504,11,8,8,3,3,2,3,4,1,3,1,5,1,1,1,1
250509,11,8,8,3,3,2,3,4,1,3,1,5,1,1,1,1
250509,7,5,5,3,3,2,1,3,1,3,2,4,1,1,1,1
250509,13,2,2,3,2,3,3,5,3,1,1,6,1,1,1,1
250509,5,1,1,3,2,3,1,2,3,1,2,3,1,1,1,1
250509,15,4,4,3,1,2,2,5,2,3,3,6,1,1,1,1
250509,9,3,3,3,2,1,3,3,3,2,1,4,1,1,1,1
250509,10,7,7,3,2,1,2,4,3,2,3,5,1,1,1,1
250509,6,9,9,1,3,1,2,2,1,2,3,3,1,1,1,1
250509,18,6,6,2,2,2,1,6,3,3,2,1,1,1,1,1
250516,1,4,4,3,1,1,1,1,2,2,2,2,1,1,1,1
250516,7,7,7,3,3,2,1,3,1,3,2,4,1,1,1,1
250516,17,3,3,2,1,1,3,6,2,2,1,1,1,1,1,1
250516,14,6,6,3,3,1,1,5,1,2,2,6,1,1,1,1
250516,8,9,9,3,1,3,2,3,2,1,3,4,1,1,1,1
250516,2,8,8,1,2,2,2,1,3,3,3,2,1,1,1,1
250516,18,1,1,2,2,2,1,6,3,3,2,1,1,1,1,1
250516,12,5,5,3,1,3,1,4,2,1,2,5,1,1,1,1
250516,15,2,2,3,1,2,2,5,2,3,3,6,1,1,1,1
250518,13,4,4,3,2,3,3,5,3,1,1,6,1,1,1,1
250518,17,9,9,2,1,1,3,6,2,2,1,1,1,1,1,1
250518,4,6,6,2,1,2,3,2,2,3,1,3,1,1,1,1
250518,16,3,3,2,3,3,2,6,1,1,3,1,1,1,1,1
250518,11,7,7,3,3,2,3,4,1,3,1,5,1,1,1,1
250518,12,8,8,3,1,3,1,4,2,1,2,5,1,1,1,1
250518,3,2,2,1,3,3,3,1,1,1,1,2,1,1,1,1
250518,5,5,5,1,2,3,1,2,3,1,2,3,1,1,1,1
250518,9,1,1,3,2,1,3,3,3,2,1,4,1,1,1,1
250520,2,4,4,2,2,2,2,1,3,3,3,2,1,1,1,1
250520,10,7,7,3,2,1,2,4,3,2,3,5,1,1,1,1
250520,7,3,3,3,3,2,1,3,1,3,2,4,1,1,1,1
250520,6,6,6,1,3,1,2,2,1,2,3,3,1,1,1,1
250520,14,9,9,3,3,1,1,5,1,2,2,6,1,1,1,1
250520,4,8,8,3,1,2,3,2,2,3,1,3,1,1,1,1
250520,8,1,1,1,1,3,2,3,2,1,3,4,1,1,1,1
250520,1,5,5,2,1,1,1,1,2,2,2,2,1,1,1,1
250520,18,2,2,2,2,2,1,6,3,3,2,1,1,1,1,1
250522,9,5,5,2,2,1,3,3,3,2,1,4,1,1,1,1
250522,5,2,2,2,2,3,1,2,3,1,2,3,1,1,1,1
250522,13,1,1,3,2,3,3,5,3,1,1,6,1,1,1,1
250522,1,8,8,2,1,1,1,1,2,2,2,2,1,1,1,1
250522,6,9,9,1,3,1,2,2,1,2,3,3,1,1,1,1
250522,3,6,6,1,3,3,3,1,1,1,1,2,1,1,1,1
250522,15,3,3,3,1,2,2,5,2,3,3,6,1,1,1,1
250522,18,7,7,2,2,2,1,6,3,3,2,1,1,1,1,1
250522,16,4,4,3,3,3,2,6,1,1,3,1,1,1,1,1
250524,16,5,5,3,3,3,2,6,1,1,3,1,1,1,1,1
250524,5,2,2,1,2,3,1,2,3,1,2,3,1,1,1,1
250524,17,1,1,2,1,1,3,6,2,2,1,1,1,1,1,1
250524,10,8,8,3,2,1,2,4,3,2,3,5,1,1,1,1
250524,12,3,3,3,1,3,1,4,2,1,2,5,1,1,1,1
250524,11,7,7,3,3,2,3,4,1,3,1,5,1,1,1,1
250524,14,9,9,3,3,1,1,5,1,2,2,6,1,1,1,1
250524,7,6,6,3,3,2,1,3,1,3,2,4,1,1,1,1
250524,13,4,4,3,2,3,3,5,3,1,1,6,1,1,1,1
250527,10,8,8,1,2,1,2,4,3,2,3,5,1,1,1,1
250527,2,2,2,1,2,2,2,1,3,3,3,2,1,1,1,1
250527,4,5,5,2,1,2,3,2,2,3,1,3,1,1,1,1
250527,8,1,1,1,1,3,2,3,2,1,3,4,1,1,1,1
250527,9,4,4,1,2,1,3,3,3,2,1,4,1,1,1,1
250527,3,3,3,2,3,3,3,1,1,1,1,2,1,1,1,1
250527,13,7,7,3,2,3,3,5,3,1,1,6,1,1,1,1
250527,11,9,9,3,3,2,3,4,1,3,1,5,1,1,1,1
250527,15,6,6,1,1,2,2,5,2,3,3,6,1,1,1,1
250350,2,1,1,,2,2,2,1,3,3,3,2,1,1,1,1
252200,6,5,5,1,3,1,2,2,1,2,3,3,1,1,1,1
252200,7,2,2,2,3,2,1,3,1,3,2,4,1,1,1,1
252200,15,1,1,2,1,2,2,5,2,3,3,6,1,1,1,1
252200,5,8,8,1,2,3,1,2,3,1,2,3,1,1,1,1
252200,14,7,7,2,3,1,1,5,1,2,2,6,1,1,1,1
252200,17,3,3,2,1,1,3,6,2,2,1,1,1,1,1,1
252200,16,9,9,3,3,3,2,6,1,1,3,1,1,1,1,1
252200,2,6,6,1,2,2,2,1,3,3,3,2,1,1,1,1
252200,12,4,4,2,1,3,1,4,2,1,2,5,1,1,1,1
253028,17,7,7,3,1,1,3,6,2,2,1,1,1,1,1,1
253028,9,3,3,3,2,1,3,3,3,2,1,4,1,1,1,1
253028,7,9,9,3,3,2,1,3,1,3,2,4,1,1,1,1
253028,3,6,6,1,3,3,3,1,1,1,1,2,1,1,1,1
253028,8,4,4,3,1,3,2,3,2,1,3,4,1,1,1,1
253028,1,2,2,3,1,1,1,1,2,2,2,2,1,1,1,1
253028,4,5,5,3,1,2,3,2,2,3,1,3,1,1,1,1
253028,18,1,1,2,2,2,1,6,3,3,2,1,1,1,1,1
253028,5,8,8,3,2,3,1,2,3,1,2,3,1,1,1,1
253025,13,1,1,3,2,3,3,5,3,1,1,6,1,1,1,1
253025,10,2,2,3,2,1,2,4,3,2,3,5,1,1,1,1
253025,18,5,5,2,2,2,1,6,3,3,2,1,1,1,1,1
253025,6,8,8,1,3,1,2,2,1,2,3,3,1,1,1,1
253025,8,6,6,1,1,3,2,3,2,1,3,4,1,1,1,1
253025,11,9,9,3,3,2,3,4,1,3,1,5,1,1,1,1
253025,4,3,3,2,1,2,3,2,2,3,1,3,1,1,1,1
253025,1,7,7,2,1,1,1,1,2,2,2,2,1,1,1,1
253025,15,4,4,3,1,2,2,5,2,3,3,6,1,1,1,1
253061,7,8,8,1,3,2,1,3,1,3,2,4,1,1,1,1
253061,16,5,5,3,3,3,2,6,1,1,3,1,1,1,1,1
253061,3,2,2,1,3,3,3,1,1,1,1,2,1,1,1,1
253061,12,1,1,3,1,3,1,4,2,1,2,5,1,1,1,1
253061,2,4,4,2,2,2,2,1,3,3,3,2,1,1,1,1
253061,8,9,9,1,1,3,2,3,2,1,3,4,1,1,1,1
253061,14,6,6,3,3,1,1,5,1,2,2,6,1,1,1,1
253061,10,7,7,3,2,1,2,4,3,2,3,5,1,1,1,1
253061,9,3,3,2,2,1,3,3,3,2,1,4,1,1,1,1
253077,11,2,2,3,3,2,3,4,1,3,1,5,1,1,1,1
253077,12,5,5,3,1,3,1,4,2,1,2,5,1,1,1,1
253077,13,1,1,3,2,3,3,5,3,1,1,6,1,1,1,1
253077,4,8,8,2,1,2,3,2,2,3,1,3,1,1,1,1
253077,2,3,3,1,2,2,2,1,3,3,3,2,1,1,1,1
253077,14,7,7,3,3,1,1,5,1,2,2,6,1,1,1,1
253077,15,9,9,3,1,2,2,5,2,3,3,6,1,1,1,1
253077,1,6,6,2,1,1,1,1,2,2,2,2,1,1,1,1
253077,16,4,4,2,3,3,2,6,1,1,3,1,1,1,1,1
253086,17,1,1,2,1,1,3,6,2,2,1,1,1,1,1,1
253086,9,5,5,3,2,1,3,3,3,2,1,4,1,1,1,1
253086,5,2,2,1,2,3,1,2,3,1,2,3,1,1,1,1
253086,14,8,8,3,3,1,1,5,1,2,2,6,1,1,1,1
253086,6,6,6,3,3,1,2,2,1,2,3,3,1,1,1,1
253086,1,9,9,3,1,1,1,1,2,2,2,2,1,1,1,1
253086,3,3,3,1,3,3,3,1,1,1,1,2,1,1,1,1
253086,16,7,7,3,3,3,2,6,1,1,3,1,1,1,1,1
253086,18,4,4,2,2,2,1,6,3,3,2,1,1,1,1,1
253339,12,3,3,1,1,3,1,4,2,1,2,5,1,1,1,1
253339,4,7,7,1,1,2,3,2,2,3,1,3,1,1,1,1
253339,5,6,6,1,2,3,1,2,3,1,2,3,1,1,1,1
253339,9,9,9,2,2,1,3,3,3,2,1,4,1,1,1,1
253339,7,4,4,1,3,2,1,3,1,3,2,4,1,1,1,1
253339,8,1,1,3,1,3,2,3,2,1,3,4,1,1,1,1
253339,3,2,2,2,3,3,3,1,1,1,1,2,1,1,1,1
253339,15,5,5,3,1,2,2,5,2,3,3,6,1,1,1,1
253339,10,8,8,1,2,1,2,4,3,2,3,5,1,1,1,1
253445,13,1,1,3,2,3,3,5,3,1,1,6,1,1,1,1
253445,2,5,5,1,2,2,2,1,3,3,3,2,1,1,1,1
253445,6,2,2,1,3,1,2,2,1,2,3,3,1,1,1,1
253445,15,8,8,3,1,2,2,5,2,3,3,6,1,1,1,1
253445,11,3,3,3,3,2,3,4,1,3,1,5,1,1,1,1
253445,10,7,7,3,2,1,2,4,3,2,3,5,1,1,1,1
253445,17,6,6,2,1,1,3,6,2,2,1,1,1,1,1,1
253445,12,9,9,3,1,3,1,4,2,1,2,5,1,1,1,1
253445,18,4,4,2,2,2,1,6,3,3,2,1,1,1,1,1
253452,2,8,8,2,2,2,2,1,3,3,3,2,1,1,1,1
253452,11,1,1,3,3,2,3,4,1,3,1,5,1,1,1,1
253452,9,5,5,3,2,1,3,3,3,2,1,4,1,1,1,1
253452,6,2,2,1,3,1,2,2,1,2,3,3,1,1,1,1
253452,8,4,4,3,1,3,2,3,2,1,3,4,1,1,1,1
253452,18,7,7,2,2,2,1,6,3,3,2,1,1,1,1,1
253452,4,3,3,2,1,2,3,2,2,3,1,3,1,1,1,1
253452,13,6,6,3,2,3,3,5,3,1,1,6,1,1,1,1
253452,1,9,9,2,1,1,1,1,2,2,2,2,1,1,1,1
253462,7,5,5,3,3,2,1,3,1,3,2,4,1,1,1,1
253462,17,2,2,2,1,1,3,6,2,2,1,1,1,1,1,1
253462,5,1,1,1,2,3,1,2,3,1,2,3,1,1,1,1
253462,13,8,8,3,2,3,3,5,3,1,1,6,1,1,1,1
253462,16,3,3,3,3,3,2,6,1,1,3,1,1,1,1,1
253462,11,7,7,3,3,2,3,4,1,3,1,5,1,1,1,1
253462,6,9,9,1,3,1,2,2,1,2,3,3,1,1,1,1
253462,14,6,6,3,3,1,1,5,1,2,2,6,1,1,1,1
253462,3,4,4,1,3,3,3,1,1,1,1,2,1,1,1,1
253477,8,1,1,3,1,3,2,3,2,1,3,4,1,1,1,1
253477,10,2,2,3,2,1,2,4,3,2,3,5,1,1,1,1
253477,5,5,5,1,2,3,1,2,3,1,2,3,1,1,1,1
253477,9,8,8,3,2,1,3,3,3,2,1,4,1,1,1,1
253477,16,7,7,3,3,3,2,6,1,1,3,1,1,1,1,1
253477,17,3,3,2,1,1,3,6,2,2,1,1,1,1,1,1
253477,12,6,6,3,1,3,1,4,2,1,2,5,1,1,1,1
253477,18,9,9,2,2,2,1,6,3,3,2,1,1,1,1,1
253477,14,4,4,3,3,1,1,5,1,2,2,6,1,1,1,1
253492,18,7,7,2,2,2,1,6,3,3,2,1,1,1,1,1
253492,4,3,3,2,1,2,3,2,2,3,1,3,1,1,1,1
253492,11,9,9,3,3,2,3,4,1,3,1,5,1,1,1,1
253492,2,6,6,1,2,2,2,1,3,3,3,2,1,1,1,1
253492,1,4,4,2,1,1,1,1,2,2,2,2,1,1,1,1
253492,15,5,5,3,1,2,2,5,2,3,3,6,1,1,1,1
253492,7,2,2,1,3,2,1,3,1,3,2,4,1,1,1,1
253492,3,1,1,1,3,3,3,1,1,1,1,2,1,1,1,1
253492,12,8,8,3,1,3,1,4,2,1,2,5,1,1,1,1
253494,4,4,4,2,1,2,3,2,2,3,1,3,1,1,1,1
253494,8,7,7,1,1,3,2,3,2,1,3,4,1,1,1,1
253494,6,3,3,1,3,1,2,2,1,2,3,3,1,1,1,1
253494,10,9,9,3,2,1,2,4,3,2,3,5,1,1,1,1
253494,17,6,6,2,1,1,3,6,2,2,1,1,1,1,1,1
253494,15,8,8,3,1,2,2,5,2,3,3,6,1,1,1,1
253494,3,2,2,1,3,3,3,1,1,1,1,2,1,1,1,1
253494,1,5,5,2,1,1,1,1,2,2,2,2,1,1,1,1
253494,5,1,1,1,2,3,1,2,3,1,2,3,1,1,1,1
253502,4,8,8,3,1,2,3,2,2,3,1,3,1,1,1,1
253502,7,2,2,3,3,2,1,3,1,3,2,4,1,1,1,1
253502,16,5,5,3,3,3,2,6,1,1,3,1,1,1,1,1
253502,9,1,1,3,2,1,3,3,3,2,1,4,1,1,1,1
253502,13,4,4,3,2,3,3,5,3,1,1,6,1,1,1,1
253502,2,3,3,1,2,2,2,1,3,3,3,2,1,1,1,1
253502,18,7,7,2,2,2,1,6,3,3,2,1,1,1,1,1
253502,15,9,9,3,1,2,2,5,2,3,3,6,1,1,1,1
253502,14,6,6,3,3,1,1,5,1,2,2,6,1,1,1,1
253507,16,4,4,3,3,3,2,6,1,1,3,1,1,1,1,1
253507,7,7,7,1,3,2,1,3,1,3,2,4,1,1,1,1
253507,10,3,3,3,2,1,2,4,3,2,3,5,1,1,1,1
253507,14,9,9,3,3,1,1,5,1,2,2,6,1,1,1,1
253507,9,6,6,3,2,1,3,3,3,2,1,4,1,1,1,1
253507,5,8,8,1,2,3,1,2,3,1,2,3,1,1,1,1
253507,11,5,5,3,3,2,3,4,1,3,1,5,1,1,1,1
253507,8,2,2,3,1,3,2,3,2,1,3,4,1,1,1,1
253507,3,1,1,1,3,3,3,1,1,1,1,2,1,1,1,1
253530,8,6,6,3,1,3,2,3,2,1,3,4,1,1,1,1
253530,15,9,9,3,1,2,2,5,2,3,3,6,1,1,1,1
253530,12,3,3,3,1,3,1,4,2,1,2,5,1,1,1,1
253530,16,7,7,3,3,3,2,6,1,1,3,1,1,1,1,1
253530,1,4,4,3,1,1,1,1,2,2,2,2,1,1,1,1
253530,6,1,1,1,3,1,2,2,1,2,3,3,1,1,1,1
253530,13,2,2,3,2,3,3,5,3,1,1,6,1,1,1,1
253530,2,5,5,2,2,2,2,1,3,3,3,2,1,1,1,1
253530,18,8,8,2,2,2,1,6,3,3,2,1,1,1,1,1
253536,7,9,9,2,3,2,1,3,1,3,2,4,1,1,1,1
253536,9,6,6,2,2,1,3,3,3,2,1,4,1,1,1,1
253536,6,3,3,1,3,1,2,2,1,2,3,3,1,1,1,1
253536,4,7,7,2,1,2,3,2,2,3,1,3,1,1,1,1
253536,14,4,4,1,3,1,1,5,1,2,2,6,1,1,1,1
253536,5,5,5,2,2,3,1,2,3,1,2,3,1,1,1,1
253536,2,2,2,2,2,2,2,1,3,3,3,2,1,1,1,1
253536,10,1,1,2,2,1,2,4,3,2,3,5,1,1,1,1
253536,13,8,8,1,2,3,3,5,3,1,1,6,1,1,1,1
253849,4,8,8,1,1,2,3,2,2,3,1,3,1,1,1,1
253849,1,1,1,3,1,1,1,1,2,2,2,2,1,1,1,1
253849,12,5,5,3,1,3,1,4,2,1,2,5,1,1,1,1
253849,11,2,2,3,3,2,3,4,1,3,1,5,1,1,1,1
253849,17,4,4,3,1,1,3,6,2,2,1,1,1,1,1,1
253849,5,6,6,3,2,3,1,2,3,1,2,3,1,1,1,1
253849,7,9,9,3,3,2,1,3,1,3,2,4,1,1,1,1
253849,18,7,7,2,2,2,1,6,3,3,2,1,1,1,1,1
253849,3,3,3,3,3,3,3,1,1,1,1,2,1,1,1,1
253904,13,2,2,1,2,3,3,5,3,1,1,6,1,1,1,1
253904,11,5,5,1,3,2,3,4,1,3,1,5,1,1,1,1
253904,17,1,1,2,1,1,3,6,2,2,1,1,1,1,1,1
253904,1,8,8,2,1,1,1,1,2,2,2,2,1,1,1,1
253904,8,9,9,1,1,3,2,3,2,1,3,4,1,1,1,1
253904,10,6,6,1,2,1,2,4,3,2,3,5,1,1,1,1
253904,16,3,3,1,3,3,2,6,1,1,3,1,1,1,1,1
253904,2,7,7,1,2,2,2,1,3,3,3,2,1,1,1,1
253904,14,4,4,2,3,1,1,5,1,2,2,6,1,1,1,1
254045,2,7,7,1,2,2,2,1,3,3,3,2,1,1,1,1
254045,6,3,3,1,3,1,2,2,1,2,3,3,1,1,1,1
254045,17,9,9,2,1,1,3,6,2,2,1,1,1,1,1,1
254045,7,6,6,1,3,2,1,3,1,3,2,4,1,1,1,1
254045,9,4,4,2,2,1,3,3,3,2,1,4,1,1,1,1
254045,12,2,2,2,1,3,1,4,2,1,2,5,1,1,1,1
254045,3,5,5,1,3,3,3,1,1,1,1,2,1,1,1,1
254045,15,1,1,1,1,2,2,5,2,3,3,6,1,1,1,1
254045,11,8,8,1,3,2,3,4,1,3,1,5,1,1,1,1
254130,8,4,4,1,1,3,2,3,2,1,3,4,1,1,1,1
254130,6,9,9,3,3,1,2,2,1,2,3,3,1,1,1,1
254130,10,6,6,1,2,1,2,4,3,2,3,5,1,1,1,1
254130,9,3,3,2,2,1,3,3,3,2,1,4,1,1,1,1
254130,15,7,7,1,1,2,2,5,2,3,3,6,1,1,1,1
254130,13,8,8,3,2,3,3,5,3,1,1,6,1,1,1,1
254130,18,5,5,2,2,2,1,6,3,3,2,1,1,1,1,1
254130,4,2,2,2,1,2,3,2,2,3,1,3,1,1,1,1
254130,5,1,1,1,2,3,1,2,3,1,2,3,1,1,1,1
254283,11,8,8,3,3,2,3,4,1,3,1,5,1,1,1,1
254283,16,1,1,2,3,3,2,6,1,1,3,1,1,1,1,1
254283,12,2,2,3,1,3,1,4,2,1,2,5,1,1,1,1
254283,14,5,5,3,3,1,1,5,1,2,2,6,1,1,1,1
254283,1,4,4,2,1,1,1,1,2,2,2,2,1,1,1,1
254283,8,7,7,3,1,3,2,3,2,1,3,4,1,1,1,1
254283,3,3,3,2,3,3,3,1,1,1,1,2,1,1,1,1
254283,4,6,6,1,1,2,3,2,2,3,1,3,1,1,1,1
254283,2,9,9,2,2,2,2,1,3,3,3,2,1,1,1,1
254345,14,4,4,2,3,1,1,5,1,2,2,6,1,1,1,1
254345,12,9,9,2,1,3,1,4,2,1,2,5,1,1,1,1
254345,3,6,6,1,3,3,3,1,1,1,1,2,1,1,1,1
254345,16,3,3,1,3,3,2,6,1,1,3,1,1,1,1,1
254345,10,7,7,1,2,1,2,4,3,2,3,5,1,1,1,1
254345,1,8,8,2,1,1,1,1,2,2,2,2,1,1,1,1
254345,6,5,5,2,3,1,2,2,1,2,3,3,1,1,1,1
254345,7,2,2,2,3,2,1,3,1,3,2,4,1,1,1,1
254345,9,1,1,1,2,1,3,3,3,2,1,4,1,1,1,1
254440,18,4,4,2,2,2,1,6,3,3,2,1,1,1,1,1
254440,6,9,9,1,3,1,2,2,1,2,3,3,1,1,1,1
254440,4,6,6,2,1,2,3,2,2,3,1,3,1,1,1,1
254440,17,3,3,2,1,1,3,6,2,2,1,1,1,1,1,1
254440,12,7,7,1,1,3,1,4,2,1,2,5,1,1,1,1
254440,2,8,8,1,2,2,2,1,3,3,3,2,1,1,1,1
254440,13,5,5,2,2,3,3,5,3,1,1,6,1,1,1,1
254440,15,2,2,2,1,2,2,5,2,3,3,6,1,1,1,1
254440,5,1,1,1,2,3,1,2,3,1,2,3,1,1,1,1
254456,17,8,8,2,1,1,3,6,2,2,1,1,1,1,1,1
254456,7,2,2,1,3,2,1,3,1,3,2,4,1,1,1,1
254456,8,5,5,2,1,3,2,3,2,1,3,4,1,1,1,1
254456,14,1,1,1,3,1,1,5,1,2,2,6,1,1,1,1
254456,10,4,4,1,2,1,2,4,3,2,3,5,1,1,1,1
254456,13,7,7,2,2,3,3,5,3,1,1,6,1,1,1,1
254456,9,3,3,2,2,1,3,3,3,2,1,4,1,1,1,1
254456,18,9,9,2,2,2,1,6,3,3,2,1,1,1,1,1
254456,3,6,6,1,3,3,3,1,1,1,1,2,1,1,1,1
254493,15,4,4,1,1,2,2,5,2,3,3,6,1,1,1,1
254493,10,6,6,1,2,1,2,4,3,2,3,5,1,1,1,1
254493,14,9,9,3,3,1,1,5,1,2,2,6,1,1,1,1
254493,2,7,7,2,2,2,2,1,3,3,3,2,1,1,1,1
254493,1,3,3,2,1,1,1,1,2,2,2,2,1,1,1,1
254493,9,8,8,1,2,1,3,3,3,2,1,4,1,1,1,1
254493,11,1,1,1,3,2,3,4,1,3,1,5,1,1,1,1
254493,16,2,2,2,3,3,2,6,1,1,3,1,1,1,1,1
254493,5,5,5,2,2,3,1,2,3,1,2,3,1,1,1,1
254561,1,2,2,1,1,1,1,1,2,2,2,2,1,1,1,1
254561,3,5,5,2,3,3,3,1,1,1,1,2,1,1,1,1
254561,18,1,1,2,2,2,1,6,3,3,2,1,1,1,1,1
254561,7,8,8,1,3,2,1,3,1,3,2,4,1,1,1,1
254561,6,3,3,1,3,1,2,2,1,2,3,3,1,1,1,1
254561,12,7,7,1,1,3,1,4,2,1,2,5,1,1,1,1
254561,17,9,9,2,1,1,3,6,2,2,1,1,1,1,1,1
254561,5,6,6,1,2,3,1,2,3,1,2,3,1,1,1,1
254561,8,4,4,1,1,3,2,3,2,1,3,4,1,1,1,1
254772,15,2,2,1,1,2,2,5,2,3,3,6,1,1,1,1
254772,4,5,5,1,1,2,3,2,2,3,1,3,1,1,1,1
254772,13,1,1,1,2,3,3,5,3,1,1,6,1,1,1,1
254772,8,8,8,1,1,3,2,3,2,1,3,4,1,1,1,1
254772,1,9,9,2,1,1,1,1,2,2,2,2,1,1,1,1
254772,3,6,6,1,3,3,3,1,1,1,1,2,1,1,1,1
254772,12,7,7,2,1,3,1,4,2,1,2,5,1,1,1,1
254772,16,3,3,1,3,3,2,6,1,1,3,1,1,1,1,1
254772,11,4,4,1,3,2,3,4,1,3,1,5,1,1,1,1
255020,10,4,4,1,2,1,2,4,3,2,3,5,1,1,1,1
255020,6,9,9,1,3,1,2,2,1,2,3,3,1,1,1,1
255020,14,6,6,1,3,1,1,5,1,2,2,6,1,1,1,1
255020,16,7,7,2,3,3,2,6,1,1,3,1,1,1,1,1
255020,13,3,3,1,2,3,3,5,3,1,1,6,1,1,1,1
255020,5,8,8,1,2,3,1,2,3,1,2,3,1,1,1,1
255020,9,5,5,2,2,1,3,3,3,2,1,4,1,1,1,1
255020,11,2,2,2,3,2,3,4,1,3,1,5,1,1,1,1
255020,4,1,1,2,1,2,3,2,2,3,1,3,1,1,1,1
255096,18,4,4,2,2,2,1,6,3,3,2,1,1,1,1,1
255096,10,7,7,2,2,1,2,4,3,2,3,5,1,1,1,1
255096,7,3,3,1,3,2,1,3,1,3,2,4,1,1,1,1
255096,16,9,9,1,3,3,2,6,1,1,3,1,1,1,1,1
255096,4,6,6,2,1,2,3,2,2,3,1,3,1,1,1,1
255096,5,8,8,1,2,3,1,2,3,1,2,3,1,1,1,1
255096,15,2,2,1,1,2,2,5,2,3,3,6,1,1,1,1
255096,17,5,5,2,1,1,3,6,2,2,1,1,1,1,1,1
255096,2,1,1,2,2,2,2,1,3,3,3,2,1,1,1,1
255812,11,4,4,1,3,2,3,4,1,3,1,5,1,1,1,1
255812,2,6,6,2,2,2,2,1,3,3,3,2,1,1,1,1
255812,12,9,9,2,1,3,1,4,2,1,2,5,1,1,1,1
255812,1,3,3,1,1,1,1,1,2,2,2,2,1,1,1,1
255812,14,7,7,1,3,1,1,5,1,2,2,6,1,1,1,1
255812,18,8,8,1,2,2,1,6,3,3,2,1,1,1,1,1
255812,15,1,1,1,1,2,2,5,2,3,3,6,1,1,1,1
255812,7,5,5,1,3,2,1,3,1,3,2,4,1,1,1,1
255812,17,2,2,2,1,1,3,6,2,2,1,1,1,1,1,1
255904,6,4,4,1,3,1,2,2,1,2,3,3,1,1,1,1
255904,10,9,9,1,2,1,2,4,3,2,3,5,1,1,1,1
255904,12,6,6,1,1,3,1,4,2,1,2,5,1,1,1,1
255904,7,7,7,1,3,2,1,3,1,3,2,4,1,1,1,1
255904,8,3,3,1,1,3,2,3,2,1,3,4,1,1,1,1
255904,2,8,8,1,2,2,2,1,3,3,3,2,1,1,1,1
255904,9,2,2,2,2,1,3,3,3,2,1,4,1,1,1,1
255904,3,5,5,2,3,3,3,1,1,1,1,2,1,1,1,1
255904,13,1,1,2,2,3,3,5,3,1,1,6,1,1,1,1
256179,3,1,1,2,3,3,3,1,1,1,1,2,1,1,1,1
256179,13,5,5,2,2,3,3,5,3,1,1,6,1,1,1,1
256179,15,2,2,1,1,2,2,5,2,3,3,6,1,1,1,1
256179,14,8,8,1,3,1,1,5,1,2,2,6,1,1,1,1
256179,16,6,6,3,3,3,2,6,1,1,3,1,1,1,1,1
256179,1,9,9,1,1,1,1,1,2,2,2,2,1,1,1,1
256179,11,3,3,2,3,2,3,4,1,3,1,5,1,1,1,1
256179,9,7,7,2,2,1,3,3,3,2,1,4,1,1,1,1
256179,18,4,4,2,2,2,1,6,3,3,2,1,1,1,1,1
256195,6,8,8,1,3,1,2,2,1,2,3,3,1,1,1,1
256195,17,2,2,2,1,1,3,6,2,2,1,1,1,1,1,1
256195,4,5,5,1,1,2,3,2,2,3,1,3,1,1,1,1
256195,5,1,1,2,2,3,1,2,3,1,2,3,1,1,1,1
256195,18,4,4,2,2,2,1,6,3,3,2,1,1,1,1,1
256195,3,7,7,1,3,3,3,1,1,1,1,2,1,1,1,1
256195,13,3,3,1,2,3,3,5,3,1,1,6,1,1,1,1
256195,12,9,9,1,1,3,1,4,2,1,2,5,1,1,1,1
256195,15,6,6,1,1,2,2,5,2,3,3,6,1,1,1,1
256283,11,4,4,1,3,2,3,4,1,3,1,5,1,1,1,1
256283,2,3,3,1,2,2,2,1,3,3,3,2,1,1,1,1
256283,15,7,7,1,1,2,2,5,2,3,3,6,1,1,1,1
256283,17,9,9,2,1,1,3,6,2,2,1,1,1,1,1,1
256283,4,6,6,2,1,2,3,2,2,3,1,3,1,1,1,1
256283,16,8,8,2,3,3,2,6,1,1,3,1,1,1,1,1
256283,10,2,2,2,2,1,2,4,3,2,3,5,1,1,1,1
256283,18,5,5,2,2,2,1,6,3,3,2,1,1,1,1,1
256283,8,1,1,1,1,3,2,3,2,1,3,4,1,1,1,1
256334,3,8,8,2,3,3,3,1,1,1,1,2,1,1,1,1
256334,1,5,5,1,1,1,1,1,2,2,2,2,1,1,1,1
256334,7,2,2,1,3,2,1,3,1,3,2,4,1,1,1,1
256334,13,1,1,2,2,3,3,5,3,1,1,6,1,1,1,1
256334,2,4,4,1,2,2,2,1,3,3,3,2,1,1,1,1
256334,6,9,9,1,3,1,2,2,1,2,3,3,1,1,1,1
256334,9,6,6,2,2,1,3,3,3,2,1,4,1,1,1,1
256334,10,7,7,1,2,1,2,4,3,2,3,5,1,1,1,1
256334,14,3,3,1,3,1,1,5,1,2,2,6,1,1,1,1
256978,18,5,5,2,2,2,1,6,3,3,2,1,1,1,1,1
256978,11,2,2,3,3,2,3,4,1,3,1,5,1,1,1,1
256978,12,1,1,1,1,3,1,4,2,1,2,5,1,1,1,1
256978,17,8,8,2,1,1,3,6,2,2,1,1,1,1,1,1
256978,16,9,9,3,3,3,2,6,1,1,3,1,1,1,1,1
256978,10,6,6,3,2,1,2,4,3,2,3,5,1,1,1,1
256978,9,7,7,2,2,1,3,3,3,2,1,4,1,1,1,1
256978,5,3,3,1,2,3,1,2,3,1,2,3,1,1,1,1
256978,8,4,4,3,1,3,2,3,2,1,3,4,1,1,1,1
257112,8,1,1,1,1,3,2,3,2,1,3,4,1,1,1,1
257112,4,5,5,2,1,2,3,2,2,3,1,3,1,1,1,1
257112,5,2,2,1,2,3,1,2,3,1,2,3,1,1,1,1
257112,7,8,8,1,3,2,1,3,1,3,2,4,1,1,1,1
257112,11,6,6,3,3,2,3,4,1,3,1,5,1,1,1,1
257112,3,9,9,2,3,3,3,1,1,1,1,2,1,1,1,1
257112,12,3,3,3,1,3,1,4,2,1,2,5,1,1,1,1
257112,1,7,7,1,1,1,1,1,2,2,2,2,1,1,1,1
257112,2,4,4,1,2,2,2,1,3,3,3,2,1,1,1,1
257126,6,2,2,1,3,1,2,2,1,2,3,3,1,1,1,1
257126,18,5,5,2,2,2,1,6,3,3,2,1,1,1,1,1
257126,15,1,1,1,1,2,2,5,2,3,3,6,1,1,1,1
257126,9,8,8,2,2,1,3,3,3,2,1,4,1,1,1,1
257126,10,9,9,2,2,1,2,4,3,2,3,5,1,1,1,1
257126,3,6,6,1,3,3,3,1,1,1,1,2,1,1,1,1
257126,8,7,7,2,1,3,2,3,2,1,3,4,1,1,1,1
257126,14,3,3,1,3,1,1,5,1,2,2,6,1,1,1,1
257126,13,4,4,2,2,3,3,5,3,1,1,6,1,1,1,1
257151,6,9,9,1,3,1,2,2,1,2,3,3,1,1,1,1
257151,13,6,6,2,2,3,3,5,3,1,1,6,1,1,1,1
257151,11,7,7,3,3,2,3,4,1,3,1,5,1,1,1,1
257151,2,3,3,1,2,2,2,1,3,3,3,2,1,1,1,1
257151,4,4,4,2,1,2,3,2,2,3,1,3,1,1,1,1
257151,16,5,5,1,3,3,2,6,1,1,3,1,1,1,1,1
257151,5,2,2,1,2,3,1,2,3,1,2,3,1,1,1,1
257151,17,1,1,2,1,1,3,6,2,2,1,1,1,1,1,1
257151,15,8,8,3,1,2,2,5,2,3,3,6,1,1,1,1
257192,7,1,1,1,3,2,1,3,1,3,2,4,1,1,1,1
257192,1,2,2,2,1,1,1,1,2,2,2,2,1,1,1,1
257192,9,5,5,2,2,1,3,3,3,2,1,4,1,1,1,1
257192,5,8,8,1,2,3,1,2,3,1,2,3,1,1,1,1
257192,3,6,6,1,3,3,3,1,1,1,1,2,1,1,1,1
257192,17,9,9,2,1,1,3,6,2,2,1,1,1,1,1,1
257192,14,3,3,1,3,1,1,5,1,2,2,6,1,1,1,1
257192,4,7,7,2,1,2,3,2,2,3,1,3,1,1,1,1
257192,2,4,4,1,2,2,2,1,3,3,3,2,1,1,1,1
257196,12,1,1,3,1,3,1,4,2,1,2,5,1,1,1,1
257196,6,2,2,3,3,1,2,2,1,2,3,3,1,1,1,1
257196,13,5,5,3,2,3,3,5,3,1,1,6,1,1,1,1
257196,11,8,8,3,3,2,3,4,1,3,1,5,1,1,1,1
257196,1,3,3,3,1,1,1,1,2,2,2,2,1,1,1,1
257196,14,7,7,3,3,1,1,5,1,2,2,6,1,1,1,1
257196,16,6,6,3,3,3,2,6,1,1,3,1,1,1,1,1
257196,7,9,9,3,3,2,1,3,1,3,2,4,1,1,1,1
257196,10,4,4,3,2,1,2,4,3,2,3,5,1,1,1,1
257203,11,7,7,3,3,2,3,4,1,3,1,5,1,1,1,1
257203,18,3,3,2,2,2,1,6,3,3,2,1,1,1,1,1
257203,13,9,9,3,2,3,3,5,3,1,1,6,1,1,1,1
257203,7,6,6,3,3,2,1,3,1,3,2,4,1,1,1,1
257203,8,4,4,3,1,3,2,3,2,1,3,4,1,1,1,1
257203,9,5,5,3,2,1,3,3,3,2,1,4,1,1,1,1
257203,12,2,2,3,1,3,1,4,2,1,2,5,1,1,1,1
257203,15,1,1,3,1,2,2,5,2,3,3,6,1,1,1,1
257203,1,8,8,2,1,1,1,1,2,2,2,2,1,1,1,1
257232,14,4,4,1,3,1,1,5,1,2,2,6,1,1,1,1
257232,5,7,7,3,2,3,1,2,3,1,2,3,1,1,1,1
257232,13,3,3,3,2,3,3,5,3,1,1,6,1,1,1,1
257232,4,6,6,3,1,2,3,2,2,3,1,3,1,1,1,1
257232,9,9,9,3,2,1,3,3,3,2,1,4,1,1,1,1
257232,12,8,8,3,1,3,1,4,2,1,2,5,1,1,1,1
257232,10,1,1,3,2,1,2,4,3,2,3,5,1,1,1,1
257232,8,5,5,3,1,3,2,3,2,1,3,4,1,1,1,1
257232,17,2,2,3,1,1,3,6,2,2,1,1,1,1,1,1
257445,13,9,9,3,2,3,3,5,3,1,1,6,1,1,1,1
257445,2,7,7,1,2,2,2,1,3,3,3,2,1,1,1,1
257445,7,3,3,1,3,2,1,3,1,3,2,4,1,1,1,1
257445,15,6,6,3,1,2,2,5,2,3,3,6,1,1,1,1
257445,11,8,8,3,3,2,3,4,1,3,1,5,1,1,1,1
257445,6,4,4,1,3,1,2,2,1,2,3,3,1,1,1,1
257445,16,1,1,2,3,3,2,6,1,1,3,1,1,1,1,1
257445,3,2,2,1,3,3,3,1,1,1,1,2,1,1,1,1
257445,1,5,5,2,1,1,1,1,2,2,2,2,1,1,1,1
257448,12,8,8,1,1,3,1,4,2,1,2,5,1,1,1,1
257448,6,6,6,1,3,1,2,2,1,2,3,3,1,1,1,1
257448,7,7,7,1,3,2,1,3,1,3,2,4,1,1,1,1
257448,8,9,9,2,1,3,2,3,2,1,3,4,1,1,1,1
257448,2,3,3,2,2,2,2,1,3,3,3,2,1,1,1,1
257448,4,2,2,2,1,2,3,2,2,3,1,3,1,1,1,1
257448,18,5,5,2,2,2,1,6,3,3,2,1,1,1,1,1
257448,17,4,4,2,1,1,3,6,2,2,1,1,1,1,1,1
257448,16,1,1,1,3,3,2,6,1,1,3,1,1,1,1,1
257460,5,1,1,1,2,3,1,2,3,1,2,3,1,1,1,1
257460,10,4,4,1,2,1,2,4,3,2,3,5,1,1,1,1
257460,14,5,5,2,3,1,1,5,1,2,2,6,1,1,1,1
257460,1,2,2,2,1,1,1,1,2,2,2,2,1,1,1,1
257460,3,3,3,1,3,3,3,1,1,1,1,2,1,1,1,1
257460,12,9,9,2,1,3,1,4,2,1,2,5,1,1,1,1
257460,15,7,7,1,1,2,2,5,2,3,3,6,1,1,1,1
257460,9,6,6,1,2,1,3,3,3,2,1,4,1,1,1,1
257460,7,8,8,2,3,2,1,3,1,3,2,4,1,1,1,1
257902,3,4,4,1,3,3,3,1,1,1,1,2,1,1,1,1
257902,17,1,1,2,1,1,3,6,2,2,1,1,1,1,1,1
257902,1,2,2,2,1,1,1,1,2,2,2,2,1,1,1,1
257902,13,5,5,1,2,3,3,5,3,1,1,6,1,1,1,1
257902,2,7,7,1,2,2,2,1,3,3,3,2,1,1,1,1
257902,9,9,9,2,2,1,3,3,3,2,1,4,1,1,1,1
257902,6,3,3,1,3,1,2,2,1,2,3,3,1,1,1,1
257902,10,8,8,1,2,1,2,4,3,2,3,5,1,1,1,1
257902,15,6,6,2,1,2,2,5,2,3,3,6,1,1,1,1
257960,8,2,2,1,1,3,2,3,2,1,3,4,1,1,1,1
257960,15,5,5,1,1,2,2,5,2,3,3,6,1,1,1,1
257960,11,4,4,2,3,2,3,4,1,3,1,5,1,1,1,1
257960,18,1,1,2,2,2,1,6,3,3,2,1,1,1,1,1
257960,3,8,8,2,3,3,3,1,1,1,1,2,1,1,1,1
257960,9,6,6,2,2,1,3,3,3,2,1,4,1,1,1,1
257960,2,7,7,1,2,2,2,1,3,3,3,2,1,1,1,1
257960,4,9,9,2,1,2,3,2,2,3,1,3,1,1,1,1
257960,5,3,3,1,2,3,1,2,3,1,2,3,1,1,1,1
257969,12,6,6,1,1,3,1,4,2,1,2,5,1,1,1,1
257969,16,8,8,2,3,3,2,6,1,1,3,1,1,1,1,1
257969,14,9,9,1,3,1,1,5,1,2,2,6,1,1,1,1
257969,17,7,7,2,1,1,3,6,2,2,1,1,1,1,1,1
257969,13,3,3,2,2,3,3,5,3,1,1,6,1,1,1,1
257969,6,2,2,1,3,1,2,2,1,2,3,3,1,1,1,1
257969,10,5,5,1,2,1,2,4,3,2,3,5,1,1,1,1
257969,18,4,4,2,2,2,1,6,3,3,2,1,1,1,1,1
257969,7,1,1,1,3,2,1,3,1,3,2,4,1,1,1,1
258025,15,4,4,3,1,2,2,5,2,3,3,6,1,1,1,1
258025,1,1,1,2,1,1,1,1,2,2,2,2,1,1,1,1
258025,8,2,2,1,1,3,2,3,2,1,3,4,1,1,1,1
258025,7,5,5,1,3,2,1,3,1,3,2,4,1,1,1,1
258025,18,7,7,2,2,2,1,6,3,3,2,1,1,1,1,1
258025,17,9,9,2,1,1,3,6,2,2,1,1,1,1,1,1
258025,3,3,3,2,3,3,3,1,1,1,1,2,1,1,1,1
258025,6,8,8,2,3,1,2,2,1,2,3,3,1,1,1,1
258025,2,6,6,2,2,2,2,1,3,3,3,2,1,1,1,1
258061,12,8,8,2,1,3,1,4,2,1,2,5,1,1,1,1
258061,4,6,6,2,1,2,3,2,2,3,1,3,1,1,1,1
258061,5,3,3,1,2,3,1,2,3,1,2,3,1,1,1,1
258061,13,7,7,2,2,3,3,5,3,1,1,6,1,1,1,1
258061,14,9,9,1,3,1,1,5,1,2,2,6,1,1,1,1
258061,9,5,5,2,2,1,3,3,3,2,1,4,1,1,1,1
258061,8,2,2,1,1,3,2,3,2,1,3,4,1,1,1,1
258061,11,1,1,2,3,2,3,4,1,3,1,5,1,1,1,1
258061,16,4,4,1,3,3,2,6,1,1,3,1,1,1,1,1
258151,14,5,5,3,3,1,1,5,1,2,2,6,1,1,1,1
258151,10,2,2,2,2,1,2,4,3,2,3,5,1,1,1,1
258151,1,1,1,1,1,1,1,1,2,2,2,2,1,1,1,1
258151,4,4,4,2,1,2,3,2,2,3,1,3,1,1,1,1
258151,12,8,8,1,1,3,1,4,2,1,2,5,1,1,1,1
258151,18,6,6,2,2,2,1,6,3,3,2,1,1,1,1,1
258151,6,3,3,1,3,1,2,2,1,2,3,3,1,1,1,1
258151,17,7,7,2,1,1,3,6,2,2,1,1,1,1,1,1
258151,3,9,9,2,3,3,3,1,1,1,1,2,1,1,1,1
258264,15,2,2,3,1,2,2,5,2,3,3,6,1,1,1,1
258264,1,5,5,2,1,1,1,1,2,2,2,2,1,1,1,1
258264,10,4,4,1,2,1,2,4,3,2,3,5,1,1,1,1
258264,2,1,1,2,2,2,2,1,3,3,3,2,1,1,1,1
258264,11,8,8,3,3,2,3,4,1,3,1,5,1,1,1,1
258264,13,6,6,3,2,3,3,5,3,1,1,6,1,1,1,1
258264,8,7,7,3,1,3,2,3,2,1,3,4,1,1,1,1
258264,7,9,9,1,3,2,1,3,1,3,2,4,1,1,1,1
258264,16,3,3,2,3,3,2,6,1,1,3,1,1,1,1,1
258324,18,5,5,2,2,2,1,6,3,3,2,1,1,1,1,1
258324,2,2,2,1,2,2,2,1,3,3,3,2,1,1,1,1
258324,5,1,1,1,2,3,1,2,3,1,2,3,1,1,1,1
258324,9,4,4,2,2,1,3,3,3,2,1,4,1,1,1,1
258324,12,8,8,1,1,3,1,4,2,1,2,5,1,1,1,1
258324,16,6,6,1,3,3,2,6,1,1,3,1,1,1,1,1
258324,4,3,3,2,1,2,3,2,2,3,1,3,1,1,1,1
258324,13,7,7,2,2,3,3,5,3,1,1,6,1,1,1,1
258324,17,9,9,2,1,1,3,6,2,2,1,1,1,1,1,1
258384,10,3,3,1,2,1,2,4,3,2,3,5,1,1,1,1
258384,5,7,7,1,2,3,1,2,3,1,2,3,1,1,1,1
258384,1,9,9,2,1,1,1,1,2,2,2,2,1,1,1,1
258384,7,8,8,1,3,2,1,3,1,3,2,4,1,1,1,1
258384,6,6,6,1,3,1,2,2,1,2,3,3,1,1,1,1
258384,14,1,1,1,3,1,1,5,1,2,2,6,1,1,1,1
258384,8,4,4,1,1,3,2,3,2,1,3,4,1,1,1,1
258384,15,5,5,1,1,2,2,5,2,3,3,6,1,1,1,1
258384,3,2,2,1,3,3,3,1,1,1,1,2,1,1,1,1
258470,13,3,3,1,2,3,3,5,3,1,1,6,1,1,1,1
258470,14,7,7,1,3,1,1,5,1,2,2,6,1,1,1,1
258470,15,9,9,1,1,2,2,5,2,3,3,6,1,1,1,1
258470,18,8,8,1,2,2,1,6,3,3,2,1,1,1,1,1
258470,17,6,6,1,1,1,3,6,2,2,1,1,1,1,1,1
258470,11,1,1,1,3,2,3,4,1,3,1,5,1,1,1,1
258470,9,4,4,2,2,1,3,3,3,2,1,4,1,1,1,1
258470,2,5,5,2,2,2,2,1,3,3,3,2,1,1,1,1
258470,8,2,2,1,1,3,2,3,2,1,3,4,1,1,1,1
258505,10,1,1,2,2,1,2,4,3,2,3,5,1,1,1,1
258505,1,4,4,1,1,1,1,1,2,2,2,2,1,1,1,1
258505,4,5,5,1,1,2,3,2,2,3,1,3,1,1,1,1
258505,3,2,2,1,3,3,3,1,1,1,1,2,1,1,1,1
258505,6,3,3,2,3,1,2,2,1,2,3,3,1,1,1,1
258505,12,7,7,1,1,3,1,4,2,1,2,5,1,1,1,1
258505,5,9,9,1,2,3,1,2,3,1,2,3,1,1,1,1
258505,16,8,8,2,3,3,2,6,1,1,3,1,1,1,1,1
258505,11,6,6,2,3,2,3,4,1,3,1,5,1,1,1,1
266038,16,9,9,1,3,3,2,6,1,1,3,1,1,1,1,1
266038,5,7,7,1,2,3,1,2,3,1,2,3,1,1,1,1
266038,7,3,3,1,3,2,1,3,1,3,2,4,1,1,1,1
266038,13,6,6,1,2,3,3,5,3,1,1,6,1,1,1,1
266038,11,8,8,2,3,2,3,4,1,3,1,5,1,1,1,1
266038,9,4,4,2,2,1,3,3,3,2,1,4,1,1,1,1
266038,17,1,1,2,1,1,3,6,2,2,1,1,1,1,1,1
266038,8,2,2,1,1,3,2,3,2,1,3,4,1,1,1,1
266038,3,5,5,1,3,3,3,1,1,1,1,2,1,1,1,1
266046,18,2,2,2,2,2,1,6,3,3,2,1,1,1,1,1
266046,1,5,5,2,1,1,1,1,2,2,2,2,1,1,1,1
266046,13,4,4,3,2,3,3,5,3,1,1,6,1,1,1,1
266046,15,1,1,3,1,2,2,5,2,3,3,6,1,1,1,1
266046,6,6,6,1,3,1,2,2,1,2,3,3,1,1,1,1
266046,10,8,8,3,2,1,2,4,3,2,3,5,1,1,1,1
266046,3,9,9,2,3,3,3,1,1,1,1,2,1,1,1,1
266046,11,7,7,3,3,2,3,4,1,3,1,5,1,1,1,1
266046,8,3,3,3,1,3,2,3,2,1,3,4,1,1,1,1
266086,12,4,4,1,1,3,1,4,2,1,2,5,1,1,1,1
266086,14,1,1,1,3,1,1,5,1,2,2,6,1,1,1,1
266086,4,2,2,2,1,2,3,2,2,3,1,3,1,1,1,1
266086,7,5,5,1,3,2,1,3,1,3,2,4,1,1,1,1
266086,15,9,9,2,1,2,2,5,2,3,3,6,1,1,1,1
266086,17,7,7,2,1,1,3,6,2,2,1,1,1,1,1,1
266086,2,3,3,2,2,2,2,1,3,3,3,2,1,1,1,1
266086,16,6,6,1,3,3,2,6,1,1,3,1,1,1,1,1
266086,5,8,8,2,2,3,1,2,3,1,2,3,1,1,1,1
266444,5,8,8,3,2,3,1,2,3,1,2,3,1,1,1,1
266444,9,6,6,3,2,1,3,3,3,2,1,4,1,1,1,1
266444,12,3,3,3,1,3,1,4,2,1,2,5,1,1,1,1
266444,18,7,7,2,2,2,1,6,3,3,2,1,1,1,1,1
266444,10,9,9,1,2,1,2,4,3,2,3,5,1,1,1,1
266444,14,5,5,3,3,1,1,5,1,2,2,6,1,1,1,1
266444,17,2,2,3,1,1,3,6,2,2,1,1,1,1,1,1
266444,13,1,1,3,2,3,3,5,3,1,1,6,1,1,1,1
266444,2,4,4,3,2,2,2,1,3,3,3,2,1,1,1,1
266447,15,8,8,3,1,2,2,5,2,3,3,6,1,1,1,1
266447,6,6,6,1,3,1,2,2,1,2,3,3,1,1,1,1
266447,13,3,3,3,2,3,3,5,3,1,1,6,1,1,1,1
266447,2,7,7,1,2,2,2,1,3,3,3,2,1,1,1,1
266447,4,9,9,2,1,2,3,2,2,3,1,3,1,1,1,1
266447,17,5,5,2,1,1,3,6,2,2,1,1,1,1,1,1
266447,1,2,2,2,1,1,1,1,2,2,2,2,1,1,1,1
266447,7,1,1,2,3,2,1,3,1,3,2,4,1,1,1,1
266447,14,4,4,1,3,1,1,5,1,2,2,6,1,1,1,1
266594,6,8,8,2,3,1,2,2,1,2,3,3,1,1,1,1
266594,8,6,6,3,1,3,2,3,2,1,3,4,1,1,1,1
266594,12,7,7,3,1,3,1,4,2,1,2,5,1,1,1,1
266594,17,9,9,2,1,1,3,6,2,2,1,1,1,1,1,1
266594,16,3,3,3,3,3,2,6,1,1,3,1,1,1,1,1
266594,3,2,2,3,3,3,3,1,1,1,1,2,1,1,1,1
266594,11,5,5,3,3,2,3,4,1,3,1,5,1,1,1,1
266594,9,4,4,1,2,1,3,3,3,2,1,4,1,1,1,1
266594,18,1,1,2,2,2,1,6,3,3,2,1,1,1,1,1
266622,11,1,1,2,3,2,3,4,1,3,1,5,1,1,1,1
266622,15,4,4,1,1,2,2,5,2,3,3,6,1,1,1,1
266622,18,5,5,1,2,2,1,6,3,3,2,1,1,1,1,1
266622,16,2,2,1,3,3,2,6,1,1,3,1,1,1,1,1
266622,13,3,3,2,2,3,3,5,3,1,1,6,1,1,1,1
266622,12,7,7,1,1,3,1,4,2,1,2,5,1,1,1,1
266622,10,9,9,1,2,1,2,4,3,2,3,5,1,1,1,1
266622,14,8,8,1,3,1,1,5,1,2,2,6,1,1,1,1
266622,9,6,6,2,2,1,3,3,3,2,1,4,1,1,1,1
266627,5,3,3,1,2,3,1,2,3,1,2,3,1,1,1,1
266627,11,9,9,3,3,2,3,4,1,3,1,5,1,1,1,1
266627,1,7,7,1,1,1,1,1,2,2,2,2,1,1,1,1
266627,7,6,6,1,3,2,1,3,1,3,2,4,1,1,1,1
266627,16,8,8,2,3,3,2,6,1,1,3,1,1,1,1,1
266627,3,1,1,2,3,3,3,1,1,1,1,2,1,1,1,1
266627,2,4,4,1,2,2,2,1,3,3,3,2,1,1,1,1
266627,4,5,5,2,1,2,3,2,2,3,1,3,1,1,1,1
266627,8,2,2,1,1,3,2,3,2,1,3,4,1,1,1,1
267081,18,6,6,2,2,2,1,6,3,3,2,1,1,1,1,1
267081,14,8,8,1,3,1,1,5,1,2,2,6,1,1,1,1
267081,8,9,9,2,1,3,2,3,2,1,3,4,1,1,1,1
267081,17,7,7,2,1,1,3,6,2,2,1,1,1,1,1,1
267081,2,3,3,2,2,2,2,1,3,3,3,2,1,1,1,1
267081,7,2,2,1,3,2,1,3,1,3,2,4,1,1,1,1
267081,10,5,5,2,2,1,2,4,3,2,3,5,1,1,1,1
267081,5,4,4,1,2,3,1,2,3,1,2,3,1,1,1,1
267081,6,1,1,2,3,1,2,2,1,2,3,3,1,1,1,1
267110,15,4,4,3,1,2,2,5,2,3,3,6,1,1,1,1
267110,4,1,1,2,1,2,3,2,2,3,1,3,1,1,1,1
267110,12,2,2,3,1,3,1,4,2,1,2,5,1,1,1,1
267110,9,5,5,1,2,1,3,3,3,2,1,4,1,1,1,1
267110,11,9,9,3,3,2,3,4,1,3,1,5,1,1,1,1
267110,13,7,7,3,2,3,3,5,3,1,1,6,1,1,1,1
267110,1,3,3,2,1,1,1,1,2,2,2,2,1,1,1,1
267110,3,6,6,2,3,3,3,1,1,1,1,2,1,1,1,1
267110,2,8,8,1,2,2,2,1,3,3,3,2,1,1,1,1
267452,3,8,8,2,3,3,3,1,1,1,1,2,1,1,1,1
267452,13,6,6,1,2,3,3,5,3,1,1,6,1,1,1,1
267452,4,7,7,2,1,2,3,2,2,3,1,3,1,1,1,1
267452,15,9,9,2,1,2,2,5,2,3,3,6,1,1,1,1
267452,8,3,3,2,1,3,2,3,2,1,3,4,1,1,1,1
267452,10,2,2,2,2,1,2,4,3,2,3,5,1,1,1,1
267452,17,5,5,1,1,1,3,6,2,2,1,1,1,1,1,1
267452,14,4,4,1,3,1,1,5,1,2,2,6,1,1,1,1
267452,6,1,1,2,3,1,2,2,1,2,3,3,1,1,1,1
267692,3,8,8,1,3,3,3,1,1,1,1,2,1,1,1,1
267692,12,6,6,1,1,3,1,4,2,1,2,5,1,1,1,1
267692,11,7,7,1,3,2,3,4,1,3,1,5,1,1,1,1
267692,2,9,9,2,2,2,2,1,3,3,3,2,1,1,1,1
267692,16,3,3,1,3,3,2,6,1,1,3,1,1,1,1,1
267692,1,2,2,2,1,1,1,1,2,2,2,2,1,1,1,1
267692,9,5,5,1,2,1,3,3,3,2,1,4,1,1,1,1
267692,7,4,4,1,3,2,1,3,1,3,2,4,1,1,1,1
267692,5,1,1,2,2,3,1,2,3,1,2,3,1,1,1,1
268128,15,7,7,3,1,2,2,5,2,3,3,6,1,1,1,1
268128,1,9,9,2,1,1,1,1,2,2,2,2,1,1,1,1
268128,7,3,3,1,3,2,1,3,1,3,2,4,1,1,1,1
268128,8,8,8,1,1,3,2,3,2,1,3,4,1,1,1,1
268128,9,6,6,2,2,1,3,3,3,2,1,4,1,1,1,1
268128,12,4,4,1,1,3,1,4,2,1,2,5,1,1,1,1
268128,18,1,1,2,2,2,1,6,3,3,2,1,1,1,1,1
268128,4,2,2,2,1,2,3,2,2,3,1,3,1,1,1,1
268128,10,5,5,1,2,1,2,4,3,2,3,5,1,1,1,1
268120,14,2,2,3,3,1,1,5,1,2,2,6,1,1,1,1
268120,17,5,5,2,1,1,3,6,2,2,1,1,1,1,1,1
268120,13,4,4,3,2,3,3,5,3,1,1,6,1,1,1,1
268120,6,1,1,3,3,1,2,2,1,2,3,3,1,1,1,1
268120,16,6,6,3,3,3,2,6,1,1,3,1,1,1,1,1
268120,11,8,8,3,3,2,3,4,1,3,1,5,1,1,1,1
268120,10,9,9,3,2,1,2,4,3,2,3,5,1,1,1,1
268120,1,7,7,3,1,1,1,1,2,2,2,2,1,1,1,1
268120,5,3,3,1,2,3,1,2,3,1,2,3,1,1,1,1
268167,4,6,6,2,1,2,3,2,2,3,1,3,1,1,1,1
268167,18,8,8,2,2,2,1,6,3,3,2,1,1,1,1,1
268167,9,9,9,2,2,1,3,3,3,2,1,4,1,1,1,1
268167,16,7,7,1,3,3,2,6,1,1,3,1,1,1,1,1
268167,12,3,3,2,1,3,1,4,2,1,2,5,1,1,1,1
268167,17,2,2,2,1,1,3,6,2,2,1,1,1,1,1,1
268167,2,5,5,1,2,2,2,1,3,3,3,2,1,1,1,1
268167,6,4,4,1,3,1,2,2,1,2,3,3,1,1,1,1
268167,14,1,1,2,3,1,1,5,1,2,2,6,1,1,1,1
268196,7,3,3,1,3,2,1,3,1,3,2,4,1,1,1,1
268196,2,9,9,1,2,2,2,1,3,3,3,2,1,1,1,1
268196,8,7,7,1,1,3,2,3,2,1,3,4,1,1,1,1
268196,12,6,6,2,1,3,1,4,2,1,2,5,1,1,1,1
268196,16,8,8,1,3,3,2,6,1,1,3,1,1,1,1,1
268196,4,1,1,2,1,2,3,2,2,3,1,3,1,1,1,1
268196,5,4,4,1,2,3,1,2,3,1,2,3,1,1,1,1
268196,15,5,5,1,1,2,2,5,2,3,3,6,1,1,1,1
268196,3,2,2,1,3,3,3,1,1,1,1,2,1,1,1,1
268238,9,4,4,2,2,1,3,3,3,2,1,4,1,1,1,1
268238,13,1,1,1,2,3,3,5,3,1,1,6,1,1,1,1
268238,10,2,2,1,2,1,2,4,3,2,3,5,1,1,1,1
268238,11,5,5,1,3,2,3,4,1,3,1,5,1,1,1,1
268238,18,7,7,2,2,2,1,6,3,3,2,1,1,1,1,1
268238,2,9,9,1,2,2,2,1,3,3,3,2,1,1,1,1
268238,14,3,3,2,3,1,1,5,1,2,2,6,1,1,1,1
268238,17,8,8,2,1,1,3,6,2,2,1,1,1,1,1,1
268238,6,6,6,2,3,1,2,2,1,2,3,3,1,1,1,1
268246,6,1,1,2,3,1,2,2,1,2,3,3,1,1,1,1
268246,15,4,4,2,1,2,2,5,2,3,3,6,1,1,1,1
268246,5,5,5,1,2,3,1,2,3,1,2,3,1,1,1,1
268246,17,2,2,2,1,1,3,6,2,2,1,1,1,1,1,1
268246,1,3,3,2,1,1,1,1,2,2,2,2,1,1,1,1
268246,7,7,7,1,3,2,1,3,1,3,2,4,1,1,1,1
268246,12,9,9,1,1,3,1,4,2,1,2,5,1,1,1,1
268246,13,8,8,1,2,3,3,5,3,1,1,6,1,1,1,1
268246,14,6,6,1,3,1,1,5,1,2,2,6,1,1,1,1
268269,9,4,4,1,2,1,3,3,3,2,1,4,1,1,1,1
268269,16,1,1,2,3,3,2,6,1,1,3,1,1,1,1,1
268269,11,2,2,1,3,2,3,4,1,3,1,5,1,1,1,1
268269,3,5,5,1,3,3,3,1,1,1,1,2,1,1,1,1
268269,17,9,9,2,1,1,3,6,2,2,1,1,1,1,1,1
268269,18,7,7,2,2,2,1,6,3,3,2,1,1,1,1,1
268269,8,3,3,1,1,3,2,3,2,1,3,4,1,1,1,1
268269,4,6,6,1,1,2,3,2,2,3,1,3,1,1,1,1
268269,10,8,8,1,2,1,2,4,3,2,3,5,1,1,1,1
268284,2,8,8,2,2,2,2,1,3,3,3,2,1,1,1,1
268284,3,6,6,1,3,3,3,1,1,1,1,2,1,1,1,1
268284,16,7,7,1,3,3,2,6,1,1,3,1,1,1,1,1
268284,1,9,9,2,1,1,1,1,2,2,2,2,1,1,1,1
268284,12,3,3,1,1,3,1,4,2,1,2,5,1,1,1,1
268284,14,2,2,1,3,1,1,5,1,2,2,6,1,1,1,1
268284,10,5,5,2,2,1,2,4,3,2,3,5,1,1,1,1
268284,6,4,4,2,3,1,2,2,1,2,3,3,1,1,1,1
268284,15,1,1,1,1,2,2,5,2,3,3,6,1,1,1,1
268288,5,5,5,1,2,3,1,2,3,1,2,3,1,1,1,1
268288,8,2,2,1,1,3,2,3,2,1,3,4,1,1,1,1
268288,7,1,1,1,3,2,1,3,1,3,2,4,1,1,1,1
268288,9,4,4,1,2,1,3,3,3,2,1,4,1,1,1,1
268288,4,8,8,2,1,2,3,2,2,3,1,3,1,1,1,1
268288,11,6,6,1,3,2,3,4,1,3,1,5,1,1,1,1
268288,18,3,3,2,2,2,1,6,3,3,2,1,1,1,1,1
268288,13,7,7,1,2,3,3,5,3,1,1,6,1,1,1,1
268288,12,9,9,1,1,3,1,4,2,1,2,5,1,1,1,1
268626,10,1,1,1,2,1,2,4,3,2,3,5,1,1,1,1
268626,9,4,4,2,2,1,3,3,3,2,1,4,1,1,1,1
268626,14,5,5,1,3,1,1,5,1,2,2,6,1,1,1,1
268626,8,2,2,1,1,3,2,3,2,1,3,4,1,1,1,1
268626,2,3,3,2,2,2,2,1,3,3,3,2,1,1,1,1
268626,16,9,9,1,3,3,2,6,1,1,3,1,1,1,1,1
268626,17,7,7,2,1,1,3,6,2,2,1,1,1,1,1,1
268626,18,6,6,2,2,2,1,6,3,3,2,1,1,1,1,1
268626,13,8,8,2,2,3,3,5,3,1,1,6,1,1,1,1
268657,1,2,2,2,1,1,1,1,2,2,2,2,1,1,1,1
268657,7,5,5,1,3,2,1,3,1,3,2,4,1,1,1,1
268657,11,4,4,2,3,2,3,4,1,3,1,5,1,1,1,1
268657,5,1,1,1,2,3,1,2,3,1,2,3,1,1,1,1
268657,4,8,8,2,1,2,3,2,2,3,1,3,1,1,1,1
268657,3,6,6,2,3,3,3,1,1,1,1,2,1,1,1,1
268657,6,7,7,1,3,1,2,2,1,2,3,3,1,1,1,1
268657,2,9,9,2,2,2,2,1,3,3,3,2,1,1,1,1
268657,15,3,3,1,1,2,2,5,2,3,3,6,1,1,1,1
269873,3,6,6,1,3,3,3,1,1,1,1,2,1,1,1,1
269873,11,8,8,1,3,2,3,4,1,3,1,5,1,1,1,1
269873,18,3,3,2,2,2,1,6,3,3,2,1,1,1,1,1
269873,12,9,9,1,1,3,1,4,2,1,2,5,1,1,1,1
269873,17,7,7,2,1,1,3,6,2,2,1,1,1,1,1,1
269873,5,5,5,1,2,3,1,2,3,1,2,3,1,1,1,1
269873,14,2,2,3,3,1,1,5,1,2,2,6,1,1,1,1
269873,8,1,1,1,1,3,2,3,2,1,3,4,1,1,1,1
269873,15,4,4,3,1,2,2,5,2,3,3,6,1,1,1,1
269893,4,3,3,2,1,2,3,2,2,3,1,3,1,1,1,1
269893,14,9,9,3,3,1,1,5,1,2,2,6,1,1,1,1
269893,16,7,7,3,3,3,2,6,1,1,3,1,1,1,1,1
269893,9,6,6,2,2,1,3,3,3,2,1,4,1,1,1,1
269893,1,8,8,2,1,1,1,1,2,2,2,2,1,1,1,1
269893,6,1,1,1,3,1,2,2,1,2,3,3,1,1,1,1
269893,13,4,4,3,2,3,3,5,3,1,1,6,1,1,1,1
269893,7,5,5,1,3,2,1,3,1,3,2,4,1,1,1,1
269893,10,2,2,2,2,1,2,4,3,2,3,5,1,1,1,1
269898,8,8,8,1,1,3,2,3,2,1,3,4,1,1,1,1
269898,17,6,6,2,1,1,3,6,2,2,1,1,1,1,1,1
269898,2,3,3,2,2,2,2,1,3,3,3,2,1,1,1,1
269898,16,7,7,1,3,3,2,6,1,1,3,1,1,1,1,1
269898,15,9,9,1,1,2,2,5,2,3,3,6,1,1,1,1
269898,6,5,5,1,3,1,2,2,1,2,3,3,1,1,1,1
269898,13,2,2,2,2,3,3,5,3,1,1,6,1,1,1,1
269898,9,1,1,2,2,1,3,3,3,2,1,4,1,1,1,1
269898,3,4,4,2,3,3,3,1,1,1,1,2,1,1,1,1
270551,5,3,3,2,2,3,1,2,3,1,2,3,1,1,1,1
270551,4,7,7,2,1,2,3,2,2,3,1,3,1,1,1,1
270551,2,9,9,2,2,2,2,1,3,3,3,2,1,1,1,1
270551,8,8,8,1,1,3,2,3,2,1,3,4,1,1,1,1
270551,11,6,6,2,3,2,3,4,1,3,1,5,1,1,1,1
270551,10,1,1,2,2,1,2,4,3,2,3,5,1,1,1,1
270551,18,4,4,2,2,2,1,6,3,3,2,1,1,1,1,1
270551,7,5,5,1,3,2,1,3,1,3,2,4,1,1,1,1
270551,12,2,2,1,1,3,1,4,2,1,2,5,1,1,1,1
270779,12,1,1,2,1,3,1,4,2,1,2,5,1,1,1,1
270779,5,4,4,1,2,3,1,2,3,1,2,3,1,1,1,1
270779,16,5,5,1,3,3,2,6,1,1,3,1,1,1,1,1
270779,14,2,2,1,3,1,1,5,1,2,2,6,1,1,1,1
270779,13,3,3,2,2,3,3,5,3,1,1,6,1,1,1,1
270779,10,7,7,2,2,1,2,4,3,2,3,5,1,1,1,1
270779,1,9,9,2,1,1,1,1,2,2,2,2,1,1,1,1
270779,11,8,8,2,3,2,3,4,1,3,1,5,1,1,1,1
270779,17,6,6,2,1,1,3,6,2,2,1,1,1,1,1,1
270847,15,1,1,1,1,2,2,5,2,3,3,6,1,1,1,1
270847,6,4,4,3,3,1,2,2,1,2,3,3,1,1,1,1
270847,9,5,5,3,2,1,3,3,3,2,1,4,1,1,1,1
270847,4,2,2,3,1,2,3,2,2,3,1,3,1,1,1,1
270847,7,3,3,3,3,2,1,3,1,3,2,4,1,1,1,1
270847,11,9,9,3,3,2,3,4,1,3,1,5,1,1,1,1
270847,13,7,7,3,2,3,3,5,3,1,1,6,1,1,1,1
270847,3,6,6,3,3,3,3,1,1,1,1,2,1,1,1,1
270847,14,8,8,3,3,1,1,5,1,2,2,6,1,1,1,1
270856,17,6,6,2,1,1,3,6,2,2,1,1,1,1,1,1
270856,5,8,8,1,2,3,1,2,3,1,2,3,1,1,1,1
270856,1,3,3,2,1,1,1,1,2,2,2,2,1,1,1,1
270856,16,9,9,3,3,3,2,6,1,1,3,1,1,1,1,1
270856,6,7,7,1,3,1,2,2,1,2,3,3,1,1,1,1
270856,4,5,5,3,1,2,3,2,2,3,1,3,1,1,1,1
270856,3,2,2,2,3,3,3,1,1,1,1,2,1,1,1,1
270856,2,1,1,1,2,2,2,1,3,3,3,2,1,1,1,1
270856,18,4,4,3,2,2,1,6,3,3,2,1,1,1,1,1
270973,1,8,8,2,1,1,1,1,2,2,2,2,1,1,1,1
270973,7,6,6,1,3,2,1,3,1,3,2,4,1,1,1,1
270973,17,7,7,2,1,1,3,6,2,2,1,1,1,1,1,1
270973,2,9,9,2,2,2,2,1,3,3,3,2,1,1,1,1
270973,10,3,3,1,2,1,2,4,3,2,3,5,1,1,1,1
270973,8,2,2,1,1,3,2,3,2,1,3,4,1,1,1,1
270973,9,5,5,2,2,1,3,3,3,2,1,4,1,1,1,1
270973,15,4,4,2,1,2,2,5,2,3,3,6,1,1,1,1
270973,12,1,1,1,1,3,1,4,2,1,2,5,1,1,1,1
271023,15,2,2,3,1,2,2,5,2,3,3,6,1,1,1,1
271023,16,5,5,3,3,3,2,6,1,1,3,1,1,1,1,1
271023,14,4,4,3,3,1,1,5,1,2,2,6,1,1,1,1
271023,6,1,1,3,3,1,2,2,1,2,3,3,1,1,1,1
271023,11,6,6,3,3,2,3,4,1,3,1,5,1,1,1,1
271023,7,8,8,3,3,2,1,3,1,3,2,4,1,1,1,1
271023,18,9,9,2,2,2,1,6,3,3,2,1,1,1,1,1
271023,3,7,7,1,3,3,3,1,1,1,1,2,1,1,1,1
271023,10,3,3,3,2,1,2,4,3,2,3,5,1,1,1,1
271027,9,2,2,3,2,1,3,3,3,2,1,4,1,1,1,1
271027,5,5,5,3,2,3,1,2,3,1,2,3,1,1,1,1
271027,13,4,4,3,2,3,3,5,3,1,1,6,1,1,1,1
271027,4,1,1,3,1,2,3,2,2,3,1,3,1,1,1,1
271027,8,6,6,3,1,3,2,3,2,1,3,4,1,1,1,1
271027,1,8,8,3,1,1,1,1,2,2,2,2,1,1,1,1
271027,6,9,9,3,3,1,2,2,1,2,3,3,1,1,1,1
271027,15,7,7,3,1,2,2,5,2,3,3,6,1,1,1,1
271027,12,3,3,3,1,3,1,4,2,1,2,5,1,1,1,1
271031,9,1,1,3,2,1,3,3,3,2,1,4,1,1,1,1
271031,11,4,4,3,3,2,3,4,1,3,1,5,1,1,1,1
271031,18,5,5,2,2,2,1,6,3,3,2,1,1,1,1,1
271031,14,2,2,3,3,1,1,5,1,2,2,6,1,1,1,1
271031,12,3,3,3,1,3,1,4,2,1,2,5,1,1,1,1
271031,10,9,9,3,2,1,2,4,3,2,3,5,1,1,1,1
271031,2,7,7,1,2,2,2,1,3,3,3,2,1,1,1,1
271031,4,6,6,3,1,2,3,2,2,3,1,3,1,1,1,1
271031,8,8,8,3,1,3,2,3,2,1,3,4,1,1,1,1
271038,3,1,1,1,3,3,3,1,1,1,1,2,1,1,1,1
271038,16,4,4,3,3,3,2,6,1,1,3,1,1,1,1,1
271038,13,5,5,3,2,3,3,5,3,1,1,6,1,1,1,1
271038,7,2,2,3,3,2,1,3,1,3,2,4,1,1,1,1
271038,17,3,3,2,1,1,3,6,2,2,1,1,1,1,1,1
271038,8,7,7,3,1,3,2,3,2,1,3,4,1,1,1,1
271038,14,9,9,3,3,1,1,5,1,2,2,6,1,1,1,1
271038,10,8,8,3,2,1,2,4,3,2,3,5,1,1,1,1
271038,5,6,6,1,2,3,1,2,3,1,2,3,1,1,1,1
271042,4,2,2,3,1,2,3,2,2,3,1,3,1,1,1,1
271042,15,5,5,3,1,2,2,5,2,3,3,6,1,1,1,1
271042,17,4,4,3,1,1,3,6,2,2,1,1,1,1,1,1
271042,18,1,1,2,2,2,1,6,3,3,2,1,1,1,1,1
271042,12,6,6,3,1,3,1,4,2,1,2,5,1,1,1,1
271042,16,8,8,3,3,3,2,6,1,1,3,1,1,1,1,1
271042,2,9,9,1,2,2,2,1,3,3,3,2,1,1,1,1
271042,7,7,7,3,3,2,1,3,1,3,2,4,1,1,1,1
271042,6,3,3,3,3,1,2,2,1,2,3,3,1,1,1,1
271042,15,5,5,3,1,2,2,5,2,3,3,6,1,1,1,1
271042,4,2,2,3,1,2,3,2,2,3,1,3,1,1,1,1
271042,18,1,1,2,2,2,1,6,3,3,2,1,1,1,1,1
271042,17,4,4,3,1,1,3,6,2,2,1,1,1,1,1,1
271042,12,6,6,3,1,3,1,4,2,1,2,5,1,1,1,1
271042,16,8,8,3,3,3,2,6,1,1,3,1,1,1,1,1
271042,6,3,3,3,3,1,2,2,1,2,3,3,1,1,1,1
271042,2,9,9,1,2,2,2,1,3,3,3,2,1,1,1,1
271042,7,7,7,3,3,2,1,3,1,3,2,4,1,1,1,1
271048,1,4,4,3,1,1,1,1,2,2,2,2,1,1,1,1
271048,5,1,1,3,2,3,1,2,3,1,2,3,1,1,1,1
271048,13,2,2,3,2,3,3,5,3,1,1,6,1,1,1,1
271048,3,5,5,1,3,3,3,1,1,1,1,2,1,1,1,1
271048,8,9,9,3,1,3,2,3,2,1,3,4,1,1,1,1
271048,6,7,7,1,3,1,2,2,1,2,3,3,1,1,1,1
271048,11,3,3,3,3,2,3,4,1,3,1,5,1,1,1,1
271048,9,6,6,3,2,1,3,3,3,2,1,4,1,1,1,1
271048,16,8,8,3,3,3,2,6,1,1,3,1,1,1,1,1
271052,10,2,2,3,2,1,2,4,3,2,3,5,1,1,1,1
271052,17,5,5,3,1,1,3,6,2,2,1,1,1,1,1,1
271052,9,4,4,3,2,1,3,3,3,2,1,4,1,1,1,1
271052,2,1,1,3,2,2,2,1,3,3,3,2,1,1,1,1
271052,3,6,6,3,3,3,3,1,1,1,1,2,1,1,1,1
271052,5,8,8,3,2,3,1,2,3,1,2,3,1,1,1,1
271052,15,9,9,3,1,2,2,5,2,3,3,6,1,1,1,1
271052,13,7,7,3,2,3,3,5,3,1,1,6,1,1,1,1
271052,1,3,3,2,1,1,1,1,2,2,2,2,1,1,1,1
271056,14,2,2,3,3,1,1,5,1,2,2,6,1,1,1,1
271056,11,5,5,3,3,2,3,4,1,3,1,5,1,1,1,1
271056,7,4,4,3,3,2,1,3,1,3,2,4,1,1,1,1
271056,18,1,1,2,2,2,1,6,3,3,2,1,1,1,1,1
271056,10,8,8,3,2,1,2,4,3,2,3,5,1,1,1,1
271056,12,6,6,3,1,3,1,4,2,1,2,5,1,1,1,1
271056,6,7,7,3,3,1,2,2,1,2,3,3,1,1,1,1
271056,16,9,9,3,3,3,2,6,1,1,3,1,1,1,1,1
271056,4,3,3,3,1,2,3,2,2,3,1,3,1,1,1,1
271059,12,6,6,3,1,3,1,4,2,1,2,5,1,1,1,1
271059,8,8,8,3,1,3,2,3,2,1,3,4,1,1,1,1
271059,1,3,3,3,1,1,1,1,2,2,2,2,1,1,1,1
271059,15,9,9,3,1,2,2,5,2,3,3,6,1,1,1,1
271059,4,7,7,3,1,2,3,2,2,3,1,3,1,1,1,1
271059,13,5,5,3,2,3,3,5,3,1,1,6,1,1,1,1
271059,14,2,2,3,3,1,1,5,1,2,2,6,1,1,1,1
271059,2,1,1,3,2,2,2,1,3,3,3,2,1,1,1,1
271059,18,4,4,2,2,2,1,6,3,3,2,1,1,1,1,1
271061,5,6,6,1,2,3,1,2,3,1,2,3,1,1,1,1
271061,4,8,8,3,1,2,3,2,2,3,1,3,1,1,1,1
271061,16,9,9,3,3,3,2,6,1,1,3,1,1,1,1,1
271061,14,7,7,3,3,1,1,5,1,2,2,6,1,1,1,1
271061,9,3,3,3,2,1,3,3,3,2,1,4,1,1,1,1
271061,3,2,2,1,3,3,3,1,1,1,1,2,1,1,1,1
271061,17,5,5,3,1,1,3,6,2,2,1,1,1,1,1,1
271061,7,4,4,3,3,2,1,3,1,3,2,4,1,1,1,1
271061,11,1,1,3,3,2,3,4,1,3,1,5,1,1,1,1
271064,13,1,1,3,2,3,3,5,3,1,1,6,1,1,1,1
271064,1,4,4,3,1,1,1,1,2,2,2,2,1,1,1,1
271064,18,5,5,2,2,2,1,6,3,3,2,1,1,1,1,1
271064,7,2,2,3,3,2,1,3,1,3,2,4,1,1,1,1
271064,11,3,3,3,3,2,3,4,1,3,1,5,1,1,1,1
271064,3,9,9,1,3,3,3,1,1,1,1,2,1,1,1,1
271064,17,7,7,3,1,1,3,6,2,2,1,1,1,1,1,1
271064,15,6,6,3,1,2,2,5,2,3,3,6,1,1,1,1
271064,5,8,8,1,2,3,1,2,3,1,2,3,1,1,1,1
271070,6,3,3,2,3,1,2,2,1,2,3,3,1,1,1,1
271070,18,7,7,2,2,2,1,6,3,3,2,1,1,1,1,1
271070,2,9,9,1,2,2,2,1,3,3,3,2,1,1,1,1
271070,3,8,8,2,3,3,3,1,1,1,1,2,1,1,1,1
271070,1,6,6,1,1,1,1,1,2,2,2,2,1,1,1,1
271070,12,1,1,1,1,3,1,4,2,1,2,5,1,1,1,1
271070,8,4,4,2,1,3,2,3,2,1,3,4,1,1,1,1
271070,11,5,5,2,3,2,3,4,1,3,1,5,1,1,1,1
271070,9,2,2,2,2,1,3,3,3,2,1,4,1,1,1,1
271068,5,8,8,1,2,3,1,2,3,1,2,3,1,1,1,1
271068,14,6,6,3,3,1,1,5,1,2,2,6,1,1,1,1
271068,4,7,7,3,1,2,3,2,2,3,1,3,1,1,1,1
271068,9,9,9,3,2,1,3,3,3,2,1,4,1,1,1,1
271068,6,3,3,3,3,1,2,2,1,2,3,3,1,1,1,1
271068,10,2,2,3,2,1,2,4,3,2,3,5,1,1,1,1
271068,13,5,5,3,2,3,3,5,3,1,1,6,1,1,1,1
271068,8,4,4,3,1,3,2,3,2,1,3,4,1,1,1,1
271068,2,1,1,3,2,2,2,1,3,3,3,2,1,1,1,1
271072,18,9,9,2,2,2,1,6,3,3,2,1,1,1,1,1
271072,9,7,7,3,2,1,3,3,3,2,1,4,1,1,1,1
271072,7,3,3,3,3,2,1,3,1,3,2,4,1,1,1,1
271072,10,6,6,3,2,1,2,4,3,2,3,5,1,1,1,1
271072,3,8,8,1,3,3,3,1,1,1,1,2,1,1,1,1
271072,17,4,4,2,1,1,3,6,2,2,1,1,1,1,1,1
271072,12,1,1,3,1,3,1,4,2,1,2,5,1,1,1,1
271072,16,2,2,3,3,3,2,6,1,1,3,1,1,1,1,1
271072,15,5,5,3,1,2,2,5,2,3,3,6,1,1,1,1
271075,12,4,4,3,1,3,1,4,2,1,2,5,1,1,1,1
271075,13,1,1,3,2,3,3,5,3,1,1,6,1,1,1,1
271075,4,2,2,3,1,2,3,2,2,3,1,3,1,1,1,1
271075,17,5,5,2,1,1,3,6,2,2,1,1,1,1,1,1
271075,10,7,7,3,2,1,2,4,3,2,3,5,1,1,1,1
271075,16,9,9,3,3,3,2,6,1,1,3,1,1,1,1,1
271075,2,3,3,2,2,2,2,1,3,3,3,2,1,1,1,1
271075,6,8,8,3,3,1,2,2,1,2,3,3,1,1,1,1
271075,11,6,6,3,3,2,3,4,1,3,1,5,1,1,1,1
271078,15,5,5,3,1,2,2,5,2,3,3,6,1,1,1,1
271078,5,2,2,3,2,3,1,2,3,1,2,3,1,1,1,1
271078,1,1,1,3,1,1,1,1,2,2,2,2,1,1,1,1
271078,14,4,4,3,3,1,1,5,1,2,2,6,1,1,1,1
271078,16,8,8,3,3,3,2,6,1,1,3,1,1,1,1,1
271078,8,6,6,3,1,3,2,3,2,1,3,4,1,1,1,1
271078,7,3,3,3,3,2,1,3,1,3,2,4,1,1,1,1
271078,2,7,7,1,2,2,2,1,3,3,3,2,1,1,1,1
271078,10,9,9,3,2,1,2,4,3,2,3,5,1,1,1,1
271081,17,8,8,2,1,1,3,6,2,2,1,1,1,1,1,1
271081,18,6,6,2,2,2,1,6,3,3,2,1,1,1,1,1
271081,13,7,7,3,2,3,3,5,3,1,1,6,1,1,1,1
271081,9,9,9,3,2,1,3,3,3,2,1,4,1,1,1,1
271081,3,3,3,1,3,3,3,1,1,1,1,2,1,1,1,1
271081,8,2,2,3,1,3,2,3,2,1,3,4,1,1,1,1
271081,1,5,5,2,1,1,1,1,2,2,2,2,1,1,1,1
271081,15,4,4,3,1,2,2,5,2,3,3,6,1,1,1,1
271081,14,1,1,3,3,1,1,5,1,2,2,6,1,1,1,1
271088,11,3,3,3,3,2,3,4,1,3,1,5,1,1,1,1
271088,14,9,9,3,3,1,1,5,1,2,2,6,1,1,1,1
271088,13,7,7,3,2,3,3,5,3,1,1,6,1,1,1,1
271088,12,6,6,3,1,3,1,4,2,1,2,5,1,1,1,1
271088,2,8,8,1,2,2,2,1,3,3,3,2,1,1,1,1
271088,7,1,1,1,3,2,1,3,1,3,2,4,1,1,1,1
271088,4,4,4,2,1,2,3,2,2,3,1,3,1,1,1,1
271088,6,5,5,1,3,1,2,2,1,2,3,3,1,1,1,1
271088,5,2,2,1,2,3,1,2,3,1,2,3,1,1,1,1
271090,8,9,9,3,1,3,2,3,2,1,3,4,1,1,1,1
271090,3,7,7,1,3,3,3,1,1,1,1,2,1,1,1,1
271090,7,3,3,1,3,2,1,3,1,3,2,4,1,1,1,1
271090,5,6,6,1,2,3,1,2,3,1,2,3,1,1,1,1
271090,1,8,8,2,1,1,1,1,2,2,2,2,1,1,1,1
271090,9,4,4,3,2,1,3,3,3,2,1,4,1,1,1,1
271090,16,1,1,3,3,3,2,6,1,1,3,1,1,1,1,1
271090,12,2,2,3,1,3,1,4,2,1,2,5,1,1,1,1
271090,4,5,5,2,1,2,3,2,2,3,1,3,1,1,1,1
271093,6,5,5,1,3,1,2,2,1,2,3,3,1,1,1,1
271093,11,2,2,3,3,2,3,4,1,3,1,5,1,1,1,1
271093,15,1,1,3,1,2,2,5,2,3,3,6,1,1,1,1
271093,17,4,4,2,1,1,3,6,2,2,1,1,1,1,1,1
271093,10,6,6,3,2,1,2,4,3,2,3,5,1,1,1,1
271093,5,8,8,1,2,3,1,2,3,1,2,3,1,1,1,1
271093,18,3,3,2,2,2,1,6,3,3,2,1,1,1,1,1
271093,2,9,9,1,2,2,2,1,3,3,3,2,1,1,1,1
271093,14,7,7,3,3,1,1,5,1,2,2,6,1,1,1,1
271096,4,3,3,3,1,2,3,2,2,3,1,3,1,1,1,1
271096,17,9,9,2,1,1,3,6,2,2,1,1,1,1,1,1
271096,11,7,7,3,3,2,3,4,1,3,1,5,1,1,1,1
271096,12,6,6,3,1,3,1,4,2,1,2,5,1,1,1,1
271096,13,8,8,3,2,3,3,5,3,1,1,6,1,1,1,1
271096,7,1,1,3,3,2,1,3,1,3,2,4,1,1,1,1
271096,18,4,4,2,2,2,1,6,3,3,2,1,1,1,1,1
271096,16,5,5,3,3,3,2,6,1,1,3,1,1,1,1,1
271096,1,2,2,3,1,1,1,1,2,2,2,2,1,1,1,1
271099,9,6,6,3,2,1,3,3,3,2,1,4,1,1,1,1
271099,17,8,8,2,1,1,3,6,2,2,1,1,1,1,1,1
271099,10,3,3,3,2,1,2,4,3,2,3,5,1,1,1,1
271099,12,9,9,3,1,3,1,4,2,1,2,5,1,1,1,1
271099,7,7,7,1,3,2,1,3,1,3,2,4,1,1,1,1
271099,8,5,5,3,1,3,2,3,2,1,3,4,1,1,1,1
271099,3,2,2,1,3,3,3,1,1,1,1,2,1,1,1,1
271099,6,1,1,1,3,1,2,2,1,2,3,3,1,1,1,1
271099,15,4,4,3,1,2,2,5,2,3,3,6,1,1,1,1
271155,13,9,9,1,2,3,3,5,3,1,1,6,1,1,1,1
271155,4,8,8,1,1,2,3,2,2,3,1,3,1,1,1,1
271155,15,7,7,2,1,2,2,5,2,3,3,6,1,1,1,1
271155,6,5,5,2,3,1,2,2,1,2,3,3,1,1,1,1
271155,5,3,3,1,2,3,1,2,3,1,2,3,1,1,1,1
271155,8,6,6,2,1,3,2,3,2,1,3,4,1,1,1,1
271155,11,1,1,1,3,2,3,4,1,3,1,5,1,1,1,1
271155,14,4,4,2,3,1,1,5,1,2,2,6,1,1,1,1
271155,9,2,2,1,2,1,3,3,3,2,1,4,1,1,1,1
271190,3,5,5,2,3,3,3,1,1,1,1,2,1,1,1,1
271190,15,9,9,1,1,2,2,5,2,3,3,6,1,1,1,1
271190,8,8,8,1,1,3,2,3,2,1,3,4,1,1,1,1
271190,17,7,7,2,1,1,3,6,2,2,1,1,1,1,1,1
271190,2,4,4,1,2,2,2,1,3,3,3,2,1,1,1,1
271190,10,1,1,1,2,1,2,4,3,2,3,5,1,1,1,1
271190,1,2,2,2,1,1,1,1,2,2,2,2,1,1,1,1
271190,18,3,3,2,2,2,1,6,3,3,2,1,1,1,1,1
271190,16,6,6,1,3,3,2,6,1,1,3,1,1,1,1,1
271464,12,5,5,3,1,3,1,4,2,1,2,5,1,1,1,1
271464,14,9,9,3,3,1,1,5,1,2,2,6,1,1,1,1
271464,5,8,8,1,2,3,1,2,3,1,2,3,1,1,1,1
271464,13,7,7,3,2,3,3,5,3,1,1,6,1,1,1,1
271464,6,4,4,3,3,1,2,2,1,2,3,3,1,1,1,1
271464,7,1,1,3,3,2,1,3,1,3,2,4,1,1,1,1
271464,11,2,2,3,3,2,3,4,1,3,1,5,1,1,1,1
271464,4,3,3,3,1,2,3,2,2,3,1,3,1,1,1,1
271464,9,6,6,3,2,1,3,3,3,2,1,4,1,1,1,1
271488,2,1,1,3,2,2,2,1,3,3,3,2,1,1,1,1
271488,18,4,4,2,2,2,1,6,3,3,2,1,1,1,1,1
271488,10,2,2,3,2,1,2,4,3,2,3,5,1,1,1,1
271488,1,3,3,3,1,1,1,1,2,2,2,2,1,1,1,1
271488,3,6,6,3,3,3,3,1,1,1,1,2,1,1,1,1
271488,16,5,5,3,3,3,2,6,1,1,3,1,1,1,1,1
271488,5,9,9,3,2,3,1,2,3,1,2,3,1,1,1,1
271488,13,8,8,3,2,3,3,5,3,1,1,6,1,1,1,1
271488,15,7,7,3,1,2,2,5,2,3,3,6,1,1,1,1
271503,4,4,4,3,1,2,3,2,2,3,1,3,1,1,1,1
271503,10,1,1,3,2,1,2,4,3,2,3,5,1,1,1,1
271503,17,2,2,3,1,1,3,6,2,2,1,1,1,1,1,1
271503,12,3,3,3,1,3,1,4,2,1,2,5,1,1,1,1
271503,6,6,6,3,3,1,2,2,1,2,3,3,1,1,1,1
271503,1,5,5,3,1,1,1,1,2,2,2,2,1,1,1,1
271503,11,9,9,3,3,2,3,4,1,3,1,5,1,1,1,1
271503,8,7,7,3,1,3,2,3,2,1,3,4,1,1,1,1
271503,7,8,8,3,3,2,1,3,1,3,2,4,1,1,1,1
271513,2,2,2,3,2,2,2,1,3,3,3,2,1,1,1,1
271513,9,1,1,3,2,1,3,3,3,2,1,4,1,1,1,1
271513,18,4,4,2,2,2,1,6,3,3,2,1,1,1,1,1
271513,16,6,6,3,3,3,2,6,1,1,3,1,1,1,1,1
271513,3,3,3,1,3,3,3,1,1,1,1,2,1,1,1,1
271513,14,5,5,3,3,1,1,5,1,2,2,6,1,1,1,1
271513,13,8,8,3,2,3,3,5,3,1,1,6,1,1,1,1
271513,17,7,7,2,1,1,3,6,2,2,1,1,1,1,1,1
271513,12,9,9,3,1,3,1,4,2,1,2,5,1,1,1,1
271648,4,6,6,3,1,2,3,2,2,3,1,3,1,1,1,1
271648,14,3,3,3,3,1,1,5,1,2,2,6,1,1,1,1
271648,5,2,2,3,2,3,1,2,3,1,2,3,1,1,1,1
271648,2,4,4,1,2,2,2,1,3,3,3,2,1,1,1,1
271648,7,1,1,3,3,2,1,3,1,3,2,4,1,1,1,1
271648,15,8,8,3,1,2,2,5,2,3,3,6,1,1,1,1
271648,11,7,7,3,3,2,3,4,1,3,1,5,1,1,1,1
271648,10,9,9,3,2,1,2,4,3,2,3,5,1,1,1,1
271648,1,5,5,3,1,1,1,1,2,2,2,2,1,1,1,1
271654,2,7,7,1,2,2,2,1,3,3,3,2,1,1,1,1
271654,7,8,8,3,3,2,1,3,1,3,2,4,1,1,1,1
271654,4,9,9,3,1,2,3,2,2,3,1,3,1,1,1,1
271654,9,5,5,3,2,1,3,3,3,2,1,4,1,1,1,1
271654,16,6,6,3,3,3,2,6,1,1,3,1,1,1,1,1
271654,3,3,3,1,3,3,3,1,1,1,1,2,1,1,1,1
271654,8,2,2,3,1,3,2,3,2,1,3,4,1,1,1,1
271654,18,4,4,2,2,2,1,6,3,3,2,1,1,1,1,1
271654,6,1,1,1,3,1,2,2,1,2,3,3,1,1,1,1
271657,13,5,5,3,2,3,3,5,3,1,1,6,1,1,1,1
271657,12,8,8,3,1,3,1,4,2,1,2,5,1,1,1,1
271657,5,7,7,1,2,3,1,2,3,1,2,3,1,1,1,1
271657,14,9,9,3,3,1,1,5,1,2,2,6,1,1,1,1
271657,11,2,2,3,3,2,3,4,1,3,1,5,1,1,1,1
271657,17,4,4,2,1,1,3,6,2,2,1,1,1,1,1,1
271657,10,1,1,3,2,1,2,4,3,2,3,5,1,1,1,1
271657,8,6,6,3,1,3,2,3,2,1,3,4,1,1,1,1
271657,1,3,3,3,1,1,1,1,2,2,2,2,1,1,1,1
271667,12,7,7,3,1,3,1,4,2,1,2,5,1,1,1,1
271667,10,8,8,3,2,1,2,4,3,2,3,5,1,1,1,1
271667,14,9,9,3,3,1,1,5,1,2,2,6,1,1,1,1
271667,18,5,5,2,2,2,1,6,3,3,2,1,1,1,1,1
271667,16,6,6,3,3,3,2,6,1,1,3,1,1,1,1,1
271667,6,3,3,1,3,1,2,2,1,2,3,3,1,1,1,1
271667,9,2,2,3,2,1,3,3,3,2,1,4,1,1,1,1
271667,3,1,1,1,3,3,3,1,1,1,1,2,1,1,1,1
271667,15,4,4,3,1,2,2,5,2,3,3,6,1,1,1,1
271674,8,9,9,3,1,3,2,3,2,1,3,4,1,1,1,1
271674,17,7,7,2,1,1,3,6,2,2,1,1,1,1,1,1
271674,18,8,8,2,2,2,1,6,3,3,2,1,1,1,1,1
271674,9,5,5,3,2,1,3,3,3,2,1,4,1,1,1,1
271674,2,3,3,1,2,2,2,1,3,3,3,2,1,1,1,1
271674,5,6,6,1,2,3,1,2,3,1,2,3,1,1,1,1
271674,4,4,4,3,1,2,3,2,2,3,1,3,1,1,1,1
271674,6,1,1,1,3,1,2,2,1,2,3,3,1,1,1,1
271674,15,2,2,3,1,2,2,5,2,3,3,6,1,1,1,1
271687,15,9,9,3,1,2,2,5,2,3,3,6,1,1,1,1
271687,9,8,8,3,2,1,3,3,3,2,1,4,1,1,1,1
271687,6,7,7,1,3,1,2,2,1,2,3,3,1,1,1,1
271687,7,5,5,3,3,2,1,3,1,3,2,4,1,1,1,1
271687,11,3,3,3,3,2,3,4,1,3,1,5,1,1,1,1
271687,3,6,6,1,3,3,3,1,1,1,1,2,1,1,1,1
271687,13,4,4,3,2,3,3,5,3,1,1,6,1,1,1,1
271687,1,1,1,3,1,1,1,1,2,2,2,2,1,1,1,1
271687,16,2,2,3,3,3,2,6,1,1,3,1,1,1,1,1
271711,17,3,3,2,1,1,3,6,2,2,1,1,1,1,1,1
271711,12,6,6,3,1,3,1,4,2,1,2,5,1,1,1,1
271711,11,1,1,3,3,2,3,4,1,3,1,5,1,1,1,1
271711,1,4,4,2,1,1,1,1,2,2,2,2,1,1,1,1
271711,4,2,2,3,1,2,3,2,2,3,1,3,1,1,1,1
271711,8,9,9,3,1,3,2,3,2,1,3,4,1,1,1,1
271711,7,8,8,1,3,2,1,3,1,3,2,4,1,1,1,1
271711,3,7,7,1,3,3,3,1,1,1,1,2,1,1,1,1
271711,16,5,5,3,3,3,2,6,1,1,3,1,1,1,1,1
271729,5,6,6,1,2,3,1,2,3,1,2,3,1,1,1,1
271729,13,3,3,3,2,3,3,5,3,1,1,6,1,1,1,1
271729,2,2,2,1,2,2,2,1,3,3,3,2,1,1,1,1
271729,10,4,4,3,2,1,2,4,3,2,3,5,1,1,1,1
271729,14,1,1,3,3,1,1,5,1,2,2,6,1,1,1,1
271729,11,8,8,3,3,2,3,4,1,3,1,5,1,1,1,1
271729,7,7,7,1,3,2,1,3,1,3,2,4,1,1,1,1
271729,6,9,9,1,3,1,2,2,1,2,3,3,1,1,1,1
271729,18,5,5,2,2,2,1,6,3,3,2,1,1,1,1,1
271736,9,1,1,3,2,1,3,3,3,2,1,4,1,1,1,1
271736,8,4,4,3,1,3,2,3,2,1,3,4,1,1,1,1
271736,2,2,2,3,2,2,2,1,3,3,3,2,1,1,1,1
271736,5,3,3,3,2,3,1,2,3,1,2,3,1,1,1,1
271736,16,6,6,3,3,3,2,6,1,1,3,1,1,1,1,1
271736,12,5,5,3,1,3,1,4,2,1,2,5,1,1,1,1
271736,10,9,9,3,2,1,2,4,3,2,3,5,1,1,1,1
271736,18,7,7,2,2,2,1,6,3,3,2,1,1,1,1,1
271736,1,8,8,3,1,1,1,1,2,2,2,2,1,1,1,1
271748,4,5,5,3,1,2,3,2,2,3,1,3,1,1,1,1
271748,9,9,9,3,2,1,3,3,3,2,1,4,1,1,1,1
271748,1,7,7,3,1,1,1,1,2,2,2,2,1,1,1,1
271748,7,8,8,3,3,2,1,3,1,3,2,4,1,1,1,1
271748,15,1,1,3,1,2,2,5,2,3,3,6,1,1,1,1
271748,17,4,4,3,1,1,3,6,2,2,1,1,1,1,1,1
271748,13,2,2,3,2,3,3,5,3,1,1,6,1,1,1,1
271748,3,3,3,3,3,3,3,1,1,1,1,2,1,1,1,1
271748,14,6,6,3,3,1,1,5,1,2,2,6,1,1,1,1
271754,11,1,1,3,3,2,3,4,1,3,1,5,1,1,1,1
271754,18,4,4,2,2,2,1,6,3,3,2,1,1,1,1,1
271754,10,2,2,3,2,1,2,4,3,2,3,5,1,1,1,1
271754,5,3,3,1,2,3,1,2,3,1,2,3,1,1,1,1
271754,13,6,6,3,2,3,3,5,3,1,1,6,1,1,1,1
271754,4,5,5,3,1,2,3,2,2,3,1,3,1,1,1,1
271754,15,9,9,3,1,2,2,5,2,3,3,6,1,1,1,1
271754,8,7,7,3,1,3,2,3,2,1,3,4,1,1,1,1
271754,3,8,8,1,3,3,3,1,1,1,1,2,1,1,1,1
271775,16,5,5,3,3,3,2,6,1,1,3,1,1,1,1,1
271775,4,9,9,3,1,2,3,2,2,3,1,3,1,1,1,1
271775,5,7,7,1,2,3,1,2,3,1,2,3,1,1,1,1
271775,1,8,8,2,1,1,1,1,2,2,2,2,1,1,1,1
271775,14,4,4,3,3,1,1,5,1,2,2,6,1,1,1,1
271775,12,1,1,3,1,3,1,4,2,1,2,5,1,1,1,1
271775,17,2,2,2,1,1,3,6,2,2,1,1,1,1,1,1
271775,2,3,3,2,2,2,2,1,3,3,3,2,1,1,1,1
271775,6,6,6,1,3,1,2,2,1,2,3,3,1,1,1,1
271777,11,3,3,3,3,2,3,4,1,3,1,5,1,1,1,1
271777,7,6,6,1,3,2,1,3,1,3,2,4,1,1,1,1
271777,10,4,4,3,2,1,2,4,3,2,3,5,1,1,1,1
271777,16,1,1,3,3,3,2,6,1,1,3,1,1,1,1,1
271777,12,2,2,3,1,3,1,4,2,1,2,5,1,1,1,1
271777,3,9,9,1,3,3,3,1,1,1,1,2,1,1,1,1
271777,6,8,8,1,3,1,2,2,1,2,3,3,1,1,1,1
271777,15,7,7,3,1,2,2,5,2,3,3,6,1,1,1,1
271777,18,5,5,2,2,2,1,6,3,3,2,1,1,1,1,1
271787,5,9,9,1,2,3,1,2,3,1,2,3,1,1,1,1
271787,1,7,7,3,1,1,1,1,2,2,2,2,1,1,1,1
271787,12,8,8,3,1,3,1,4,2,1,2,5,1,1,1,1
271787,2,5,5,1,2,2,2,1,3,3,3,2,1,1,1,1
271787,8,3,3,3,1,3,2,3,2,1,3,4,1,1,1,1
271787,13,6,6,3,2,3,3,5,3,1,1,6,1,1,1,1
271787,9,1,1,3,2,1,3,3,3,2,1,4,1,1,1,1
271787,17,4,4,2,1,1,3,6,2,2,1,1,1,1,1,1
271787,14,2,2,3,3,1,1,5,1,2,2,6,1,1,1,1
271792,15,5,5,3,1,2,2,5,2,3,3,6,1,1,1,1
271792,1,7,7,3,1,1,1,1,2,2,2,2,1,1,1,1
271792,16,8,8,3,3,3,2,6,1,1,3,1,1,1,1,1
271792,2,9,9,1,2,2,2,1,3,3,3,2,1,1,1,1
271792,10,2,2,3,2,1,2,4,3,2,3,5,1,1,1,1
271792,7,1,1,3,3,2,1,3,1,3,2,4,1,1,1,1
271792,3,4,4,1,3,3,3,1,1,1,1,2,1,1,1,1
271792,4,6,6,3,1,2,3,2,2,3,1,3,1,1,1,1
271792,14,3,3,3,3,1,1,5,1,2,2,6,1,1,1,1
271798,5,2,2,1,2,3,1,2,3,1,2,3,1,1,1,1
271798,14,1,1,3,3,1,1,5,1,2,2,6,1,1,1,1
271798,12,4,4,3,1,3,1,4,2,1,2,5,1,1,1,1
271798,11,6,6,3,3,2,3,4,1,3,1,5,1,1,1,1
271798,9,3,3,3,2,1,3,3,3,2,1,4,1,1,1,1
271798,15,5,5,3,1,2,2,5,2,3,3,6,1,1,1,1
271798,17,8,8,2,1,1,3,6,2,2,1,1,1,1,1,1
271798,10,7,7,3,2,1,2,4,3,2,3,5,1,1,1,1
271798,7,9,9,3,3,2,1,3,1,3,2,4,1,1,1,1
271810,14,5,5,3,3,1,1,5,1,2,2,6,1,1,1,1
271810,16,9,9,3,3,3,2,6,1,1,3,1,1,1,1,1
271810,13,8,8,3,2,3,3,5,3,1,1,6,1,1,1,1
271810,18,7,7,2,2,2,1,6,3,3,2,1,1,1,1,1
271810,9,4,4,3,2,1,3,3,3,2,1,4,1,1,1,1
271810,3,1,1,1,3,3,3,1,1,1,1,2,1,1,1,1
271810,2,2,2,1,2,2,2,1,3,3,3,2,1,1,1,1
271810,7,3,3,3,3,2,1,3,1,3,2,4,1,1,1,1
271810,4,6,6,3,1,2,3,2,2,3,1,3,1,1,1,1
271896,8,6,6,3,1,3,2,3,2,1,3,4,1,1,1,1
271896,12,3,3,3,1,3,1,4,2,1,2,5,1,1,1,1
271896,5,2,2,3,2,3,1,2,3,1,2,3,1,1,1,1
271896,17,1,1,2,1,1,3,6,2,2,1,1,1,1,1,1
271896,6,4,4,1,3,1,2,2,1,2,3,3,1,1,1,1
271896,15,7,7,3,1,2,2,5,2,3,3,6,1,1,1,1
271896,9,8,8,3,2,1,3,3,3,2,1,4,1,1,1,1
271896,14,9,9,3,3,1,1,5,1,2,2,6,1,1,1,1
271896,11,5,5,3,3,2,3,4,1,3,1,5,1,1,1,1
271987,2,9,9,1,2,2,2,1,3,3,3,2,1,1,1,1
271987,1,8,8,3,1,1,1,1,2,2,2,2,1,1,1,1
271987,12,7,7,3,1,3,1,4,2,1,2,5,1,1,1,1
271987,18,5,5,2,2,2,1,6,3,3,2,1,1,1,1,1
271987,5,3,3,3,2,3,1,2,3,1,2,3,1,1,1,1
271987,17,6,6,2,1,1,3,6,2,2,1,1,1,1,1,1
271987,3,1,1,3,3,3,3,1,1,1,1,2,1,1,1,1
271987,8,4,4,3,1,3,2,3,2,1,3,4,1,1,1,1
271987,10,2,2,3,2,1,2,4,3,2,3,5,1,1,1,1
271992,9,9,9,3,2,1,3,3,3,2,1,4,1,1,1,1
271992,17,8,8,3,1,1,3,6,2,2,1,1,1,1,1,1
271992,11,7,7,3,3,2,3,4,1,3,1,5,1,1,1,1
271992,6,5,5,1,3,1,2,2,1,2,3,3,1,1,1,1
271992,4,3,3,3,1,2,3,2,2,3,1,3,1,1,1,1
271992,13,6,6,3,2,3,3,5,3,1,1,6,1,1,1,1
271992,15,4,4,3,1,2,2,5,2,3,3,6,1,1,1,1
271992,16,1,1,3,3,3,2,6,1,1,3,1,1,1,1,1
271992,7,2,2,3,3,2,1,3,1,3,2,4,1,1,1,1
271998,12,7,7,3,1,3,1,4,2,1,2,5,1,1,1,1
271998,13,8,8,3,2,3,3,5,3,1,1,6,1,1,1,1
271998,14,9,9,3,3,1,1,5,1,2,2,6,1,1,1,1
271998,2,5,5,1,2,2,2,1,3,3,3,2,1,1,1,1
271998,8,6,6,3,1,3,2,3,2,1,3,4,1,1,1,1
271998,3,3,3,1,3,3,3,1,1,1,1,2,1,1,1,1
271998,16,2,2,3,3,3,2,6,1,1,3,1,1,1,1,1
271998,6,4,4,1,3,1,2,2,1,2,3,3,1,1,1,1
271998,15,1,1,3,1,2,2,5,2,3,3,6,1,1,1,1
272000,4,2,2,2,1,2,3,2,2,3,1,3,1,1,1,1
272000,1,1,1,2,1,1,1,1,2,2,2,2,1,1,1,1
272000,5,4,4,1,2,3,1,2,3,1,2,3,1,1,1,1
272000,18,6,6,2,2,2,1,6,3,3,2,1,1,1,1,1
272000,7,3,3,1,3,2,1,3,1,3,2,4,1,1,1,1
272000,10,5,5,3,2,1,2,4,3,2,3,5,1,1,1,1
272000,11,7,7,3,3,2,3,4,1,3,1,5,1,1,1,1
272000,8,8,8,1,1,3,2,3,2,1,3,4,1,1,1,1
272000,3,9,9,3,3,3,3,1,1,1,1,2,1,1,1,1
272006,16,7,7,3,3,3,2,6,1,1,3,1,1,1,1,1
272006,5,8,8,3,2,3,1,2,3,1,2,3,1,1,1,1
272006,6,9,9,3,3,1,2,2,1,2,3,3,1,1,1,1
272006,4,5,5,3,1,2,3,2,2,3,1,3,1,1,1,1
272006,15,6,6,3,1,2,2,5,2,3,3,6,1,1,1,1
272006,2,3,3,1,2,2,2,1,3,3,3,2,1,1,1,1
272006,11,2,2,3,3,2,3,4,1,3,1,5,1,1,1,1
272006,18,1,1,2,2,2,1,6,3,3,2,1,1,1,1,1
272006,12,4,4,3,1,3,1,4,2,1,2,5,1,1,1,1
272010,9,6,6,3,2,1,3,3,3,2,1,4,1,1,1,1
272010,7,3,3,3,3,2,1,3,1,3,2,4,1,1,1,1
272010,13,2,2,3,2,3,3,5,3,1,1,6,1,1,1,1
272010,1,1,1,3,1,1,1,1,2,2,2,2,1,1,1,1
272010,10,4,4,3,2,1,2,4,3,2,3,5,1,1,1,1
272010,12,8,8,3,1,3,1,4,2,1,2,5,1,1,1,1
272010,17,7,7,2,1,1,3,6,2,2,1,1,1,1,1,1
272010,15,9,9,3,1,2,2,5,2,3,3,6,1,1,1,1
272010,14,5,5,3,3,1,1,5,1,2,2,6,1,1,1,1
272014,17,6,6,3,1,1,3,6,2,2,1,1,1,1,1,1
272014,1,3,3,3,1,1,1,1,2,2,2,2,1,1,1,1
272014,9,2,2,3,2,1,3,3,3,2,1,4,1,1,1,1
272014,7,1,1,3,3,2,1,3,1,3,2,4,1,1,1,1
272014,4,4,4,3,1,2,3,2,2,3,1,3,1,1,1,1
272014,10,7,7,3,2,1,2,4,3,2,3,5,1,1,1,1
272014,14,8,8,3,3,1,1,5,1,2,2,6,1,1,1,1
272014,16,9,9,3,3,3,2,6,1,1,3,1,1,1,1,1
272014,13,5,5,3,2,3,3,5,3,1,1,6,1,1,1,1
272017,6,2,2,3,3,1,2,2,1,2,3,3,1,1,1,1
272017,5,4,4,3,2,3,1,2,3,1,2,3,1,1,1,1
272017,3,1,1,1,3,3,3,1,1,1,1,2,1,1,1,1
272017,11,6,6,3,3,2,3,4,1,3,1,5,1,1,1,1
272017,18,3,3,2,2,2,1,6,3,3,2,1,1,1,1,1
272017,2,5,5,1,2,2,2,1,3,3,3,2,1,1,1,1
272017,8,7,7,3,1,3,2,3,2,1,3,4,1,1,1,1
272017,16,8,8,3,3,3,2,6,1,1,3,1,1,1,1,1
272017,10,9,9,3,2,1,2,4,3,2,3,5,1,1,1,1
272023,5,6,6,1,2,3,1,2,3,1,2,3,1,1,1,1
272023,12,3,3,3,1,3,1,4,2,1,2,5,1,1,1,1
272023,17,2,2,2,1,1,3,6,2,2,1,1,1,1,1,1
272023,13,4,4,3,2,3,3,5,3,1,1,6,1,1,1,1
272023,7,1,1,1,3,2,1,3,1,3,2,4,1,1,1,1
272023,14,7,7,3,3,1,1,5,1,2,2,6,1,1,1,1
272023,1,8,8,2,1,1,1,1,2,2,2,2,1,1,1,1
272023,8,9,9,3,1,3,2,3,2,1,3,4,1,1,1,1
272023,18,5,5,2,2,2,1,6,3,3,2,1,1,1,1,1
272025,3,5,5,1,3,3,3,1,1,1,1,2,1,1,1,1
272025,18,8,8,2,2,2,1,6,3,3,2,1,1,1,1,1
272025,15,7,7,3,1,2,2,5,2,3,3,6,1,1,1,1
272025,1,9,9,3,1,1,1,1,2,2,2,2,1,1,1,1
272025,9,2,2,3,2,1,3,3,3,2,1,4,1,1,1,1
272025,11,1,1,3,3,2,3,4,1,3,1,5,1,1,1,1
272025,4,4,4,3,1,2,3,2,2,3,1,3,1,1,1,1
272025,2,6,6,1,2,2,2,1,3,3,3,2,1,1,1,1
272025,6,3,3,1,3,1,2,2,1,2,3,3,1,1,1,1
272027,4,5,5,2,1,2,3,2,2,3,1,3,1,1,1,1
272027,12,7,7,3,1,3,1,4,2,1,2,5,1,1,1,1
272027,13,8,8,3,2,3,3,5,3,1,1,6,1,1,1,1
272027,5,9,9,1,2,3,1,2,3,1,2,3,1,1,1,1
272027,15,2,2,3,1,2,2,5,2,3,3,6,1,1,1,1
272027,16,1,1,3,3,3,2,6,1,1,3,1,1,1,1,1
272027,9,4,4,3,2,1,3,3,3,2,1,4,1,1,1,1
272027,2,6,6,1,2,2,2,1,3,3,3,2,1,1,1,1
272027,8,3,3,1,1,3,2,3,2,1,3,4,1,1,1,1
272030,17,7,7,2,1,1,3,6,2,2,1,1,1,1,1,1
272030,13,8,8,3,2,3,3,5,3,1,1,6,1,1,1,1
272030,9,9,9,3,2,1,3,3,3,2,1,4,1,1,1,1
272030,7,5,5,1,3,2,1,3,1,3,2,4,1,1,1,1
272030,11,6,6,3,3,2,3,4,1,3,1,5,1,1,1,1
272030,3,3,3,3,3,3,3,1,1,1,1,2,1,1,1,1
272030,14,2,2,3,3,1,1,5,1,2,2,6,1,1,1,1
272030,6,4,4,1,3,1,2,2,1,2,3,3,1,1,1,1
272030,10,1,1,3,2,1,2,4,3,2,3,5,1,1,1,1
272034,1,2,2,3,1,1,1,1,2,2,2,2,1,1,1,1
272034,14,1,1,3,3,1,1,5,1,2,2,6,1,1,1,1
272034,12,4,4,3,1,3,1,4,2,1,2,5,1,1,1,1
272034,5,6,6,1,2,3,1,2,3,1,2,3,1,1,1,1
272034,3,3,3,1,3,3,3,1,1,1,1,2,1,1,1,1
272034,18,5,5,2,2,2,1,6,3,3,2,1,1,1,1,1
272034,6,7,7,1,3,1,2,2,1,2,3,3,1,1,1,1
272034,4,8,8,3,1,2,3,2,2,3,1,3,1,1,1,1
272034,8,9,9,3,1,3,2,3,2,1,3,4,1,1,1,1
272037,15,5,5,3,1,2,2,5,2,3,3,6,1,1,1,1
272037,4,9,9,3,1,2,3,2,2,3,1,3,1,1,1,1
272037,11,7,7,3,3,2,3,4,1,3,1,5,1,1,1,1
272037,18,8,8,2,2,2,1,6,3,3,2,1,1,1,1,1
272037,16,4,4,3,3,3,2,6,1,1,3,1,1,1,1,1
272037,2,1,1,1,2,2,2,1,3,3,3,2,1,1,1,1
272037,10,2,2,3,2,1,2,4,3,2,3,5,1,1,1,1
272037,17,3,3,2,1,1,3,6,2,2,1,1,1,1,1,1
272037,7,6,6,3,3,2,1,3,1,3,2,4,1,1,1,1
272042,5,2,2,1,2,3,1,2,3,1,2,3,1,1,1,1
272042,11,1,1,3,3,2,3,4,1,3,1,5,1,1,1,1
272042,8,4,4,3,1,3,2,3,2,1,3,4,1,1,1,1
272042,16,6,6,3,3,3,2,6,1,1,3,1,1,1,1,1
272042,17,3,3,2,1,1,3,6,2,2,1,1,1,1,1,1
272042,12,5,5,3,1,3,1,4,2,1,2,5,1,1,1,1
272042,13,8,8,3,2,3,3,5,3,1,1,6,1,1,1,1
272042,2,7,7,1,2,2,2,1,3,3,3,2,1,1,1,1
272042,6,9,9,1,3,1,2,2,1,2,3,3,1,1,1,1
272331,9,5,5,3,2,1,3,3,3,2,1,4,1,1,1,1
272331,17,8,8,2,1,1,3,6,2,2,1,1,1,1,1,1
272331,3,7,7,1,3,3,3,1,1,1,1,2,1,1,1,1
272331,11,9,9,3,3,2,3,4,1,3,1,5,1,1,1,1
272331,14,2,2,3,3,1,1,5,1,2,2,6,1,1,1,1
272331,7,1,1,3,3,2,1,3,1,3,2,4,1,1,1,1
272331,1,4,4,2,1,1,1,1,2,2,2,2,1,1,1,1
272331,15,6,6,3,1,2,2,5,2,3,3,6,1,1,1,1
272331,10,3,3,3,2,1,2,4,3,2,3,5,1,1,1,1
272381,8,1,1,1,1,3,2,3,2,1,3,4,1,1,1,1
272381,4,2,2,1,1,2,3,2,2,3,1,3,1,1,1,1
272381,2,3,3,1,2,2,2,1,3,3,3,2,1,1,1,1
272381,6,6,6,1,3,1,2,2,1,2,3,3,1,1,1,1
272381,5,9,9,2,2,3,1,2,3,1,2,3,1,1,1,1
272381,12,8,8,2,1,3,1,4,2,1,2,5,1,1,1,1
272381,3,5,5,2,3,3,3,1,1,1,1,2,1,1,1,1
272381,13,7,7,2,2,3,3,5,3,1,1,6,1,1,1,1
272381,16,4,4,2,3,3,2,6,1,1,3,1,1,1,1,1
272483,1,2,2,1,1,1,1,1,2,2,2,2,1,1,1,1
272483,14,1,1,1,3,1,1,5,1,2,2,6,1,1,1,1
272483,6,8,8,1,3,1,2,2,1,2,3,3,1,1,1,1
272483,18,5,5,1,2,2,1,6,3,3,2,1,1,1,1,1
272483,9,7,7,2,2,1,3,3,3,2,1,4,1,1,1,1
272483,7,3,3,1,3,2,1,3,1,3,2,4,1,1,1,1
272483,15,6,6,1,1,2,2,5,2,3,3,6,1,1,1,1
272483,16,9,9,1,3,3,2,6,1,1,3,1,1,1,1,1
272483,10,4,4,1,2,1,2,4,3,2,3,5,1,1,1,1
273045,4,4,4,2,1,2,3,2,2,3,1,3,1,1,1,1
273045,8,3,3,1,1,3,2,3,2,1,3,4,1,1,1,1
273045,13,6,6,2,2,3,3,5,3,1,1,6,1,1,1,1
273045,3,9,9,2,3,3,3,1,1,1,1,2,1,1,1,1
273045,9,8,8,2,2,1,3,3,3,2,1,4,1,1,1,1
273045,17,5,5,2,1,1,3,6,2,2,1,1,1,1,1,1
273045,15,7,7,2,1,2,2,5,2,3,3,6,1,1,1,1
273045,18,1,1,2,2,2,1,6,3,3,2,1,1,1,1,1
273045,2,2,2,2,2,2,2,1,3,3,3,2,1,1,1,1
274837,11,4,4,1,3,2,3,4,1,3,1,5,1,1,1,1
274837,5,7,7,2,2,3,1,2,3,1,2,3,1,1,1,1
274837,7,5,5,1,3,2,1,3,1,3,2,4,1,1,1,1
274837,18,8,8,3,2,2,1,6,3,3,2,1,1,1,1,1
274837,17,9,9,2,1,1,3,6,2,2,1,1,1,1,1,1
274837,14,3,3,2,3,1,1,5,1,2,2,6,1,1,1,1
274837,10,6,6,2,2,1,2,4,3,2,3,5,1,1,1,1
274837,1,1,1,2,1,1,1,1,2,2,2,2,1,1,1,1
274837,12,2,2,1,1,3,1,4,2,1,2,5,1,1,1,1
275140,3,4,4,2,3,3,3,1,1,1,1,2,1,1,1,1
275140,15,7,7,1,1,2,2,5,2,3,3,6,1,1,1,1
275140,12,5,5,2,1,3,1,4,2,1,2,5,1,1,1,1
275140,4,8,8,2,1,2,3,2,2,3,1,3,1,1,1,1
275140,1,9,9,1,1,1,1,1,2,2,2,2,1,1,1,1
275140,6,6,6,1,3,1,2,2,1,2,3,3,1,1,1,1
275140,2,3,3,1,2,2,2,1,3,3,3,2,1,1,1,1
275140,9,2,2,2,2,1,3,3,3,2,1,4,1,1,1,1
275140,11,1,1,2,3,2,3,4,1,3,1,5,1,1,1,1
275274,9,9,9,1,2,1,3,3,3,2,1,4,1,1,1,1
275274,8,3,3,1,1,3,2,3,2,1,3,4,1,1,1,1
275274,10,6,6,1,2,1,2,4,3,2,3,5,1,1,1,1
275274,5,5,5,1,2,3,1,2,3,1,2,3,1,1,1,1
275274,13,7,7,1,2,3,3,5,3,1,1,6,1,1,1,1
275274,17,8,8,1,1,1,3,6,2,2,1,1,1,1,1,1
275274,16,2,2,2,3,3,2,6,1,1,3,1,1,1,1,1
275274,14,1,1,3,3,1,1,5,1,2,2,6,1,1,1,1
275274,7,4,4,1,3,2,1,3,1,3,2,4,1,1,1,1
275315,10,7,7,1,2,1,2,4,3,2,3,5,1,1,1,1
275315,16,5,5,1,3,3,2,6,1,1,3,1,1,1,1,1
275315,4,8,8,2,1,2,3,2,2,3,1,3,1,1,1,1
275315,2,9,9,1,2,2,2,1,3,3,3,2,1,1,1,1
275315,3,3,3,2,3,3,3,1,1,1,1,2,1,1,1,1
275315,6,6,6,1,3,1,2,2,1,2,3,3,1,1,1,1
275315,15,1,1,1,1,2,2,5,2,3,3,6,1,1,1,1
275315,14,2,2,1,3,1,1,5,1,2,2,6,1,1,1,1
275315,7,4,4,1,3,2,1,3,1,3,2,4,1,1,1,1
276194,8,4,4,3,1,3,2,3,2,1,3,4,1,1,1,1
276194,11,1,1,3,3,2,3,4,1,3,1,5,1,1,1,1
276194,1,2,2,3,1,1,1,1,2,2,2,2,1,1,1,1
276194,5,7,7,3,2,3,1,2,3,1,2,3,1,1,1,1
276194,13,5,5,3,2,3,3,5,3,1,1,6,1,1,1,1
276194,16,8,8,3,3,3,2,6,1,1,3,1,1,1,1,1
276194,2,9,9,1,2,2,2,1,3,3,3,2,1,1,1,1
276194,12,6,6,3,1,3,1,4,2,1,2,5,1,1,1,1
276194,18,3,3,2,2,2,1,6,3,3,2,1,1,1,1,1
276196,18,4,4,2,2,2,1,6,3,3,2,1,1,1,1,1
276196,11,5,5,3,3,2,3,4,1,3,1,5,1,1,1,1
276196,13,7,7,3,2,3,3,5,3,1,1,6,1,1,1,1
276196,15,8,8,3,1,2,2,5,2,3,3,6,1,1,1,1
276196,6,9,9,1,3,1,2,2,1,2,3,3,1,1,1,1
276196,4,6,6,2,1,2,3,2,2,3,1,3,1,1,1,1
276196,7,3,3,1,3,2,1,3,1,3,2,4,1,1,1,1
276196,10,1,1,3,2,1,2,4,3,2,3,5,1,1,1,1
276196,5,2,2,1,2,3,1,2,3,1,2,3,1,1,1,1
276202,14,3,3,3,3,1,1,5,1,2,2,6,1,1,1,1
276202,17,6,6,3,1,1,3,6,2,2,1,1,1,1,1,1
276202,7,9,9,3,3,2,1,3,1,3,2,4,1,1,1,1
276202,6,8,8,3,3,1,2,2,1,2,3,3,1,1,1,1
276202,9,7,7,3,2,1,3,3,3,2,1,4,1,1,1,1
276202,3,5,5,3,3,3,3,1,1,1,1,2,1,1,1,1
276202,1,2,2,3,1,1,1,1,2,2,2,2,1,1,1,1
276202,8,1,1,3,1,3,2,3,2,1,3,4,1,1,1,1
276202,12,4,4,3,1,3,1,4,2,1,2,5,1,1,1,1
276207,5,4,4,1,2,3,1,2,3,1,2,3,1,1,1,1
276207,14,5,5,3,3,1,1,5,1,2,2,6,1,1,1,1
276207,2,7,7,1,2,2,2,1,3,3,3,2,1,1,1,1
276207,8,8,8,3,1,3,2,3,2,1,3,4,1,1,1,1
276207,1,9,9,3,1,1,1,1,2,2,2,2,1,1,1,1
276207,15,6,6,3,1,2,2,5,2,3,3,6,1,1,1,1
276207,11,3,3,3,3,2,3,4,1,3,1,5,1,1,1,1
276207,13,1,1,3,2,3,3,5,3,1,1,6,1,1,1,1
276207,12,2,2,3,1,3,1,4,2,1,2,5,1,1,1,1
276209,4,4,4,3,1,2,3,2,2,3,1,3,1,1,1,1
276209,17,7,7,3,1,1,3,6,2,2,1,1,1,1,1,1
276209,3,5,5,3,3,3,3,1,1,1,1,2,1,1,1,1
276209,15,8,8,3,1,2,2,5,2,3,3,6,1,1,1,1
276209,11,9,9,3,3,2,3,4,1,3,1,5,1,1,1,1
276209,10,3,3,3,2,1,2,4,3,2,3,5,1,1,1,1
276209,9,6,6,3,2,1,3,3,3,2,1,4,1,1,1,1
276209,16,1,1,3,3,3,2,6,1,1,3,1,1,1,1,1
276209,18,2,2,2,2,2,1,6,3,3,2,1,1,1,1,1
276212,14,4,4,3,3,1,1,5,1,2,2,6,1,1,1,1
276212,3,2,2,3,3,3,3,1,1,1,1,2,1,1,1,1
276212,16,1,1,3,3,3,2,6,1,1,3,1,1,1,1,1
276212,18,9,9,2,2,2,1,6,3,3,2,1,1,1,1,1
276212,8,6,6,3,1,3,2,3,2,1,3,4,1,1,1,1
276212,2,3,3,1,2,2,2,1,3,3,3,2,1,1,1,1
276212,9,7,7,3,2,1,3,3,3,2,1,4,1,1,1,1
276212,10,5,5,3,2,1,2,4,3,2,3,5,1,1,1,1
276212,5,8,8,3,2,3,1,2,3,1,2,3,1,1,1,1
276870,13,4,4,3,2,3,3,5,3,1,1,6,1,1,1,1
276870,1,6,6,3,1,1,1,1,2,2,2,2,1,1,1,1
276870,6,3,3,3,3,1,2,2,1,2,3,3,1,1,1,1
276870,2,9,9,1,2,2,2,1,3,3,3,2,1,1,1,1
276870,16,8,8,3,3,3,2,6,1,1,3,1,1,1,1,1
276870,4,7,7,3,1,2,3,2,2,3,1,3,1,1,1,1
276870,17,5,5,2,1,1,3,6,2,2,1,1,1,1,1,1
276870,7,2,2,3,3,2,1,3,1,3,2,4,1,1,1,1
276870,12,1,1,3,1,3,1,4,2,1,2,5,1,1,1,1
276875,13,1,1,3,2,3,3,5,3,1,1,6,1,1,1,1
276875,7,2,2,3,3,2,1,3,1,3,2,4,1,1,1,1
276875,17,6,6,3,1,1,3,6,2,2,1,1,1,1,1,1
276875,3,3,3,3,3,3,3,1,1,1,1,2,1,1,1,1
276875,10,9,9,3,2,1,2,4,3,2,3,5,1,1,1,1
276875,15,8,8,3,1,2,2,5,2,3,3,6,1,1,1,1
276875,12,7,7,3,1,3,1,4,2,1,2,5,1,1,1,1
276875,11,5,5,3,3,2,3,4,1,3,1,5,1,1,1,1
276875,14,4,4,3,3,1,1,5,1,2,2,6,1,1,1,1
276879,18,4,4,2,2,2,1,6,3,3,2,1,1,1,1,1
276879,8,1,1,3,1,3,2,3,2,1,3,4,1,1,1,1
276879,6,2,2,1,3,1,2,2,1,2,3,3,1,1,1,1
276879,9,7,7,3,2,1,3,3,3,2,1,4,1,1,1,1
276879,4,5,5,3,1,2,3,2,2,3,1,3,1,1,1,1
276879,12,8,8,3,1,3,1,4,2,1,2,5,1,1,1,1
276879,17,9,9,2,1,1,3,6,2,2,1,1,1,1,1,1
276879,5,6,6,1,2,3,1,2,3,1,2,3,1,1,1,1
276879,1,3,3,2,1,1,1,1,2,2,2,2,1,1,1,1
276960,3,1,1,1,3,3,3,1,1,1,1,2,1,1,1,1
276960,5,2,2,2,2,3,1,2,3,1,2,3,1,1,1,1
276960,9,8,8,1,2,1,3,3,3,2,1,4,1,1,1,1
276960,11,5,5,1,3,2,3,4,1,3,1,5,1,1,1,1
276960,2,7,7,2,2,2,2,1,3,3,3,2,1,1,1,1
276960,13,6,6,3,2,3,3,5,3,1,1,6,1,1,1,1
276960,4,3,3,2,1,2,3,2,2,3,1,3,1,1,1,1
276960,18,9,9,2,2,2,1,6,3,3,2,1,1,1,1,1
276960,16,4,4,2,3,3,2,6,1,1,3,1,1,1,1,1
277288,6,4,4,2,3,1,2,2,1,2,3,3,1,1,1,1
277288,8,1,1,1,1,3,2,3,2,1,3,4,1,1,1,1
277288,10,2,2,2,2,1,2,4,3,2,3,5,1,1,1,1
277288,1,3,3,2,1,1,1,1,2,2,2,2,1,1,1,1
277288,7,6,6,1,3,2,1,3,1,3,2,4,1,1,1,1
277288,16,9,9,1,3,3,2,6,1,1,3,1,1,1,1,1
277288,3,8,8,1,3,3,3,1,1,1,1,2,1,1,1,1
277288,15,7,7,2,1,2,2,5,2,3,3,6,1,1,1,1
277288,14,5,5,2,3,1,1,5,1,2,2,6,1,1,1,1
245703,2,1,1,,2,2,2,1,3,3,3,2,1,1,1,1
245704,17,1,1,,1,1,3,6,2,2,1,1,1,1,1,1
245712,15,1,1,,1,2,2,5,2,3,3,6,1,1,1,1
250190,3,5,5,1,3,3,3,1,1,1,1,2,1,1,1,1
250190,18,7,7,2,2,2,1,6,3,3,2,1,1,1,1,1
250190,14,8,8,1,3,1,1,5,1,2,2,6,1,1,1,1
250190,5,9,9,1,2,3,1,2,3,1,2,3,1,1,1,1
250190,11,3,3,2,3,2,3,4,1,3,1,5,1,1,1,1
250190,2,6,6,1,2,2,2,1,3,3,3,2,1,1,1,1
250190,12,1,1,1,1,3,1,4,2,1,2,5,1,1,1,1
250190,7,2,2,1,3,2,1,3,1,3,2,4,1,1,1,1
250190,13,4,4,1,2,3,3,5,3,1,1,6,1,1,1,1
253518,17,1,1,,1,1,3,6,2,2,1,1,1,1,1,1
256101,6,4,4,3,3,1,2,2,1,2,3,3,1,1,1,1
256101,4,3,3,3,1,2,3,2,2,3,1,3,1,1,1,1
256101,1,6,6,3,1,1,1,1,2,2,2,2,1,1,1,1
256101,16,9,9,,3,3,2,6,1,1,3,1,1,1,1,1
256101,14,8,8,3,3,1,1,5,1,2,2,6,1,1,1,1
256101,17,7,7,3,1,1,3,6,2,2,1,1,1,1,1,1
256101,5,5,5,3,2,3,1,2,3,1,2,3,1,1,1,1
256101,8,1,1,3,1,3,2,3,2,1,3,4,1,1,1,1
256101,9,2,2,3,2,1,3,3,3,2,1,4,1,1,1,1
256287,7,1,1,,3,2,1,3,1,3,2,4,1,1,1,1
257228,2,1,1,3,2,2,2,1,3,3,3,2,1,1,1,1
257228,3,2,2,3,3,3,3,1,1,1,1,2,1,1,1,1
257228,15,5,5,3,1,2,2,5,2,3,3,6,1,1,1,1
257228,18,4,4,3,2,2,1,6,3,3,2,1,1,1,1,1
257228,12,3,3,3,1,3,1,4,2,1,2,5,1,1,1,1
257228,4,6,6,,1,2,3,2,2,3,1,3,1,1,1,1
257230,18,8,8,2,2,2,1,6,3,3,2,1,1,1,1,1
257230,17,5,5,2,1,1,3,6,2,2,1,1,1,1,1,1
257230,6,7,7,3,3,1,2,2,1,2,3,3,1,1,1,1
257230,5,3,3,3,2,3,1,2,3,1,2,3,1,1,1,1
257230,14,6,6,3,3,1,1,5,1,2,2,6,1,1,1,1
257230,11,9,9,3,3,2,3,4,1,3,1,5,1,1,1,1
257230,16,2,2,3,3,3,2,6,1,1,3,1,1,1,1,1
257230,8,1,1,3,1,3,2,3,2,1,3,4,1,1,1,1
257230,10,4,4,3,2,1,2,4,3,2,3,5,1,1,1,1
257876,5,2,2,1,2,3,1,2,3,1,2,3,1,1,1,1
257876,11,1,1,1,3,2,3,4,1,3,1,5,1,1,1,1
257876,4,3,3,1,1,2,3,2,2,3,1,3,1,1,1,1
257876,14,4,4,3,3,1,1,5,1,2,2,6,1,1,1,1
257876,16,5,5,,3,3,2,6,1,1,3,1,1,1,1,1
258273,9,1,1,,2,1,3,3,3,2,1,4,1,1,1,1
266036,1,4,4,2,1,1,1,1,2,2,2,2,1,1,1,1
266036,2,9,9,,2,2,2,1,3,3,3,2,1,1,1,1
266036,4,6,6,2,1,2,3,2,2,3,1,3,1,1,1,1
266036,6,3,3,1,3,1,2,2,1,2,3,3,1,1,1,1
266036,14,5,5,2,3,1,1,5,1,2,2,6,1,1,1,1
266036,18,7,7,2,2,2,1,6,3,3,2,1,1,1,1,1
266036,12,8,8,2,1,3,1,4,2,1,2,5,1,1,1,1
266036,7,1,1,2,3,2,1,3,1,3,2,4,1,1,1,1
266036,10,2,2,2,2,1,2,4,3,2,3,5,1,1,1,1
266148,5,5,5,1,2,3,1,2,3,1,2,3,1,1,1,1
266148,11,6,6,,3,2,3,4,1,3,1,5,1,1,1,1
266148,10,4,4,1,2,1,2,4,3,2,3,5,1,1,1,1
266148,8,3,3,1,1,3,2,3,2,1,3,4,1,1,1,1
266148,9,1,1,2,2,1,3,3,3,2,1,4,1,1,1,1
266148,15,2,2,1,1,2,2,5,2,3,3,6,1,1,1,1
266426,16,5,5,2,3,3,2,6,1,1,3,1,1,1,1,1
266426,6,4,4,1,3,1,2,2,1,2,3,3,1,1,1,1
266426,3,6,6,,3,3,3,1,1,1,1,2,1,1,1,1
266426,4,3,3,2,1,2,3,2,2,3,1,3,1,1,1,1
266426,7,1,1,1,3,2,1,3,1,3,2,4,1,1,1,1
266426,1,2,2,2,1,1,1,1,2,2,2,2,1,1,1,1
267375,18,1,1,,2,2,1,6,3,3,2,1,1,1,1,1
268192,15,2,2,1,1,2,2,5,2,3,3,6,1,1,1,1
268192,5,1,1,1,2,3,1,2,3,1,2,3,1,1,1,1
268192,3,4,4,1,3,3,3,1,1,1,1,2,1,1,1,1
268192,8,3,3,1,1,3,2,3,2,1,3,4,1,1,1,1
268192,7,6,6,,3,2,1,3,1,3,2,4,1,1,1,1
268192,13,5,5,1,2,3,3,5,3,1,1,6,1,1,1,1
268202,1,1,1,,1,1,1,1,2,2,2,2,1,1,1,1
269812,1,1,1,,1,1,1,1,2,2,2,2,1,1,1,1
270718,18,1,1,,2,2,1,6,3,3,2,1,1,1,1,1
271785,9,2,2,2,2,1,3,3,3,2,1,4,1,1,1,1
271785,17,1,1,2,1,1,3,6,2,2,1,1,1,1,1,1
271785,16,8,8,1,3,3,2,6,1,1,3,1,1,1,1,1
271785,11,7,7,1,3,2,3,4,1,3,1,5,1,1,1,1
271785,8,5,5,1,1,3,2,3,2,1,3,4,1,1,1,1
271785,2,3,3,1,2,2,2,1,3,3,3,2,1,1,1,1
271785,6,6,6,1,3,1,2,2,1,2,3,3,1,1,1,1
271785,13,9,9,1,2,3,3,5,3,1,1,6,1,1,1,1
271785,18,4,4,2,2,2,1,6,3,3,2,1,1,1,1,1
271803,3,4,4,3,3,3,3,1,1,1,1,2,1,1,1,1
271803,13,6,6,3,2,3,3,5,3,1,1,6,1,1,1,1
271803,6,3,3,1,3,1,2,2,1,2,3,3,1,1,1,1
271803,1,7,7,3,1,1,1,1,2,2,2,2,1,1,1,1
271803,4,5,5,3,1,2,3,2,2,3,1,3,1,1,1,1
271803,10,8,8,,2,1,2,4,3,2,3,5,1,1,1,1
271803,18,1,1,2,2,2,1,6,3,3,2,1,1,1,1,1
271803,8,2,2,3,1,3,2,3,2,1,3,4,1,1,1,1
278689,6,4,4,3,3,1,2,2,1,2,3,3,1,1,1,1
278689,2,8,8,1,2,2,2,1,3,3,3,2,1,1,1,1
278689,11,7,7,3,3,2,3,4,1,3,1,5,1,1,1,1
278689,8,5,5,3,1,3,2,3,2,1,3,4,1,1,1,1
278689,4,6,6,3,1,2,3,2,2,3,1,3,1,1,1,1
278689,1,3,3,3,1,1,1,1,2,2,2,2,1,1,1,1
278689,7,9,9,3,3,2,1,3,1,3,2,4,1,1,1,1
278689,18,1,1,2,2,2,1,6,3,3,2,1,1,1,1,1
278689,5,2,2,3,2,3,1,2,3,1,2,3,1,1,1,1
278693,1,3,3,3,1,1,1,1,2,2,2,2,1,1,1,1
278693,11,9,9,3,3,2,3,4,1,3,1,5,1,1,1,1
278693,8,5,5,3,1,3,2,3,2,1,3,4,1,1,1,1
278693,17,8,8,3,1,1,3,6,2,2,1,1,1,1,1,1
278693,5,4,4,3,2,3,1,2,3,1,2,3,1,1,1,1
278693,14,2,2,3,3,1,1,5,1,2,2,6,1,1,1,1
278693,6,7,7,3,3,1,2,2,1,2,3,3,1,1,1,1
278693,4,6,6,3,1,2,3,2,2,3,1,3,1,1,1,1
278693,18,1,1,2,2,2,1,6,3,3,2,1,1,1,1,1
278697,8,2,2,3,1,3,2,3,2,1,3,4,1,1,1,1
278697,17,7,7,3,1,1,3,6,2,2,1,1,1,1,1,1
278697,3,6,6,1,3,3,3,1,1,1,1,2,1,1,1,1
278697,18,1,1,2,2,2,1,6,3,3,2,1,1,1,1,1
278697,9,9,9,3,2,1,3,3,3,2,1,4,1,1,1,1
278697,5,3,3,1,2,3,1,2,3,1,2,3,1,1,1,1
278697,6,8,8,1,3,1,2,2,1,2,3,3,1,1,1,1
278697,2,5,5,1,2,2,2,1,3,3,3,2,1,1,1,1
278697,10,4,4,3,2,1,2,4,3,2,3,5,1,1,1,1
279569,13,8,8,3,2,3,3,5,3,1,1,6,1,1,1,1
279569,1,5,5,2,1,1,1,1,2,2,2,2,1,1,1,1
279569,7,4,4,1,3,2,1,3,1,3,2,4,1,1,1,1
279569,14,3,3,3,3,1,1,5,1,2,2,6,1,1,1,1
279569,17,9,9,2,1,1,3,6,2,2,1,1,1,1,1,1
279569,18,1,1,2,2,2,1,6,3,3,2,1,1,1,1,1
279569,4,6,6,3,1,2,3,2,2,3,1,3,1,1,1,1
279569,15,7,7,3,1,2,2,5,2,3,3,6,1,1,1,1
279569,16,2,2,3,3,3,2,6,1,1,3,1,1,1,1,1
279572,5,8,8,1,2,3,1,2,3,1,2,3,1,1,1,1
279572,3,4,4,1,3,3,3,1,1,1,1,2,1,1,1,1
279572,16,5,5,3,3,3,2,6,1,1,3,1,1,1,1,1
279572,1,3,3,2,1,1,1,1,2,2,2,2,1,1,1,1
279572,11,9,9,3,3,2,3,4,1,3,1,5,1,1,1,1
279572,18,1,1,2,2,2,1,6,3,3,2,1,1,1,1,1
279572,8,7,7,3,1,3,2,3,2,1,3,4,1,1,1,1
279572,15,6,6,3,1,2,2,5,2,3,3,6,1,1,1,1
279572,10,2,2,3,2,1,2,4,3,2,3,5,1,1,1,1
279576,9,4,4,3,2,1,3,3,3,2,1,4,1,1,1,1
279576,13,8,8,3,2,3,3,5,3,1,1,6,1,1,1,1
279576,6,5,5,1,3,1,2,2,1,2,3,3,1,1,1,1
279576,14,3,3,3,3,1,1,5,1,2,2,6,1,1,1,1
279576,4,9,9,3,1,2,3,2,2,3,1,3,1,1,1,1
279576,18,7,7,2,2,2,1,6,3,3,2,1,1,1,1,1
279576,12,1,1,3,1,3,1,4,2,1,2,5,1,1,1,1
279576,7,6,6,1,3,2,1,3,1,3,2,4,1,1,1,1
279576,2,2,2,1,2,2,2,1,3,3,3,2,1,1,1,1
279578,4,4,4,3,1,2,3,2,2,3,1,3,1,1,1,1
279578,16,8,8,3,3,3,2,6,1,1,3,1,1,1,1,1
279578,9,5,5,3,2,1,3,3,3,2,1,4,1,1,1,1
279578,8,3,3,3,1,3,2,3,2,1,3,4,1,1,1,1
279578,14,9,9,3,3,1,1,5,1,2,2,6,1,1,1,1
279578,13,7,7,3,2,3,3,5,3,1,1,6,1,1,1,1
279578,3,1,1,3,3,3,3,1,1,1,1,2,1,1,1,1
279578,5,6,6,1,2,3,1,2,3,1,2,3,1,1,1,1
279578,2,2,2,1,2,2,2,1,3,3,3,2,1,1,1,1
279580,15,3,3,3,1,2,2,5,2,3,3,6,1,1,1,1
279580,6,9,9,3,3,1,2,2,1,2,3,3,1,1,1,1
279580,1,5,5,3,1,1,1,1,2,2,2,2,1,1,1,1
279580,10,4,4,3,2,1,2,4,3,2,3,5,1,1,1,1
279580,7,8,8,3,3,2,1,3,1,3,2,4,1,1,1,1
279580,17,2,2,2,1,1,3,6,2,2,1,1,1,1,1,1
279580,18,7,7,2,2,2,1,6,3,3,2,1,1,1,1,1
279580,12,1,1,3,1,3,1,4,2,1,2,5,1,1,1,1
279580,11,6,6,3,3,2,3,4,1,3,1,5,1,1,1,1
279582,4,9,9,3,1,2,3,2,2,3,1,3,1,1,1,1
279582,15,3,3,3,1,2,2,5,2,3,3,6,1,1,1,1
279582,5,8,8,1,2,3,1,2,3,1,2,3,1,1,1,1
279582,8,4,4,3,1,3,2,3,2,1,3,4,1,1,1,1
279582,7,5,5,3,3,2,1,3,1,3,2,4,1,1,1,1
279582,17,2,2,2,1,1,3,6,2,2,1,1,1,1,1,1
279582,2,7,7,1,2,2,2,1,3,3,3,2,1,1,1,1
279582,9,6,6,3,2,1,3,3,3,2,1,4,1,1,1,1
279582,16,1,1,3,3,3,2,6,1,1,3,1,1,1,1,1
279586,1,2,2,3,1,1,1,1,2,2,2,2,1,1,1,1
279586,10,7,7,3,2,1,2,4,3,2,3,5,1,1,1,1
279586,13,6,6,3,2,3,3,5,3,1,1,6,1,1,1,1
279586,18,1,1,2,2,2,1,6,3,3,2,1,1,1,1,1
279586,11,9,9,3,3,2,3,4,1,3,1,5,1,1,1,1
279586,12,3,3,3,1,3,1,4,2,1,2,5,1,1,1,1
279586,6,4,4,3,3,1,2,2,1,2,3,3,1,1,1,1
279586,4,8,8,3,1,2,3,2,2,3,1,3,1,1,1,1
279586,8,5,5,3,1,3,2,3,2,1,3,4,1,1,1,1
279590,11,3,3,3,3,2,3,4,1,3,1,5,1,1,1,1
279590,16,9,9,3,3,3,2,6,1,1,3,1,1,1,1,1
279590,10,5,5,3,2,1,2,4,3,2,3,5,1,1,1,1
279590,14,4,4,3,3,1,1,5,1,2,2,6,1,1,1,1
279590,18,8,8,2,2,2,1,6,3,3,2,1,1,1,1,1
279590,13,2,2,3,2,3,3,5,3,1,1,6,1,1,1,1
279590,3,1,1,3,3,3,3,1,1,1,1,2,1,1,1,1
279590,9,7,7,3,2,1,3,3,3,2,1,4,1,1,1,1
279590,6,6,6,3,3,1,2,2,1,2,3,3,1,1,1,1
279595,12,9,9,3,1,3,1,4,2,1,2,5,1,1,1,1
279595,1,3,3,2,1,1,1,1,2,2,2,2,1,1,1,1
279595,3,5,5,1,3,3,3,1,1,1,1,2,1,1,1,1
279595,2,4,4,1,2,2,2,1,3,3,3,2,1,1,1,1
279595,17,8,8,2,1,1,3,6,2,2,1,1,1,1,1,1
279595,15,2,2,3,1,2,2,5,2,3,3,6,1,1,1,1
279595,7,1,1,3,3,2,1,3,1,3,2,4,1,1,1,1
279595,14,7,7,3,3,1,1,5,1,2,2,6,1,1,1,1
279595,5,6,6,1,2,3,1,2,3,1,2,3,1,1,1,1
279601,1,1,1,3,1,1,1,1,2,2,2,2,1,1,1,1
279601,14,7,7,3,3,1,1,5,1,2,2,6,1,1,1,1
279601,5,6,6,3,2,3,1,2,3,1,2,3,1,1,1,1
279601,15,2,2,3,1,2,2,5,2,3,3,6,1,1,1,1
279601,11,4,4,3,3,2,3,4,1,3,1,5,1,1,1,1
279601,9,8,8,3,2,1,3,3,3,2,1,4,1,1,1,1
279601,10,5,5,3,2,1,2,4,3,2,3,5,1,1,1,1
279601,2,9,9,3,2,2,2,1,3,3,3,2,1,1,1,1
279601,16,3,3,3,3,3,2,6,1,1,3,1,1,1,1,1
279604,3,2,2,1,3,3,3,1,1,1,1,2,1,1,1,1
279604,4,6,6,3,1,2,3,2,2,3,1,3,1,1,1,1
279604,13,1,1,3,2,3,3,5,3,1,1,6,1,1,1,1
279604,7,7,7,3,3,2,1,3,1,3,2,4,1,1,1,1
279604,8,9,9,3,1,3,2,3,2,1,3,4,1,1,1,1
279604,18,3,3,2,2,2,1,6,3,3,2,1,1,1,1,1
279604,12,4,4,3,1,3,1,4,2,1,2,5,1,1,1,1
279604,6,5,5,1,3,1,2,2,1,2,3,3,1,1,1,1
279604,17,8,8,2,1,1,3,6,2,2,1,1,1,1,1,1
279606,14,9,9,3,3,1,1,5,1,2,2,6,1,1,1,1
279606,3,3,3,1,3,3,3,1,1,1,1,2,1,1,1,1
279606,16,8,8,2,3,3,2,6,1,1,3,1,1,1,1,1
279606,2,5,5,1,2,2,2,1,3,3,3,2,1,1,1,1
279606,4,4,4,2,1,2,3,2,2,3,1,3,1,1,1,1
279606,13,2,2,3,2,3,3,5,3,1,1,6,1,1,1,1
279606,9,7,7,3,2,1,3,3,3,2,1,4,1,1,1,1
279606,10,6,6,3,2,1,2,4,3,2,3,5,1,1,1,1
279606,6,1,1,1,3,1,2,2,1,2,3,3,1,1,1,1
279609,15,3,3,3,1,2,2,5,2,3,3,6,1,1,1,1
279609,8,9,9,3,1,3,2,3,2,1,3,4,1,1,1,1
279609,5,5,5,3,2,3,1,2,3,1,2,3,1,1,1,1
279609,1,4,4,3,1,1,1,1,2,2,2,2,1,1,1,1
279609,12,8,8,3,1,3,1,4,2,1,2,5,1,1,1,1
279609,18,2,2,2,2,2,1,6,3,3,2,1,1,1,1,1
279609,17,1,1,3,1,1,3,6,2,2,1,1,1,1,1,1
279609,7,7,7,3,3,2,1,3,1,3,2,4,1,1,1,1
279609,11,6,6,3,3,2,3,4,1,3,1,5,1,1,1,1
279612,10,2,2,3,2,1,2,4,3,2,3,5,1,1,1,1
279612,5,6,6,3,2,3,1,2,3,1,2,3,1,1,1,1
279612,4,1,1,3,1,2,3,2,2,3,1,3,1,1,1,1
279612,17,7,7,3,1,1,3,6,2,2,1,1,1,1,1,1
279612,16,3,3,3,3,3,2,6,1,1,3,1,1,1,1,1
279612,7,9,9,3,3,2,1,3,1,3,2,4,1,1,1,1
279612,12,4,4,3,1,3,1,4,2,1,2,5,1,1,1,1
279612,1,8,8,3,1,1,1,1,2,2,2,2,1,1,1,1
279612,6,5,5,3,3,1,2,2,1,2,3,3,1,1,1,1
279611,3,8,8,1,3,3,3,1,1,1,1,2,1,1,1,1
279611,8,5,5,3,1,3,2,3,2,1,3,4,1,1,1,1
279611,9,4,4,3,2,1,3,3,3,2,1,4,1,1,1,1
279611,11,9,9,3,3,2,3,4,1,3,1,5,1,1,1,1
279611,2,3,3,1,2,2,2,1,3,3,3,2,1,1,1,1
279611,18,6,6,2,2,2,1,6,3,3,2,1,1,1,1,1
279611,15,7,7,3,1,2,2,5,2,3,3,6,1,1,1,1
279611,14,1,1,3,3,1,1,5,1,2,2,6,1,1,1,1
279611,13,2,2,3,2,3,3,5,3,1,1,6,1,1,1,1
279616,1,9,9,2,1,1,1,1,2,2,2,2,1,1,1,1
279616,13,3,3,3,2,3,3,5,3,1,1,6,1,1,1,1
279616,9,5,5,3,2,1,3,3,3,2,1,4,1,1,1,1
279616,2,4,4,2,2,2,2,1,3,3,3,2,1,1,1,1
279616,8,8,8,3,1,3,2,3,2,1,3,4,1,1,1,1
279616,7,2,2,3,3,2,1,3,1,3,2,4,1,1,1,1
279616,12,1,1,3,1,3,1,4,2,1,2,5,1,1,1,1
279616,15,7,7,3,1,2,2,5,2,3,3,6,1,1,1,1
279616,4,6,6,3,1,2,3,2,2,3,1,3,1,1,1,1
279620,2,3,3,1,2,2,2,1,3,3,3,2,1,1,1,1
279620,16,9,9,3,3,3,2,6,1,1,3,1,1,1,1,1
279620,5,8,8,1,2,3,1,2,3,1,2,3,1,1,1,1
279620,17,4,4,2,1,1,3,6,2,2,1,1,1,1,1,1
279620,13,5,5,3,2,3,3,5,3,1,1,6,1,1,1,1
279620,15,2,2,3,1,2,2,5,2,3,3,6,1,1,1,1
279620,18,6,6,2,2,2,1,6,3,3,2,1,1,1,1,1
279620,10,1,1,3,2,1,2,4,3,2,3,5,1,1,1,1
279620,8,7,7,3,1,3,2,3,2,1,3,4,1,1,1,1
279622,4,3,3,2,1,2,3,2,2,3,1,3,1,1,1,1
279622,6,9,9,3,3,1,2,2,1,2,3,3,1,1,1,1
279622,14,8,8,3,3,1,1,5,1,2,2,6,1,1,1,1
279622,12,4,4,3,1,3,1,4,2,1,2,5,1,1,1,1
279622,3,5,5,1,3,3,3,1,1,1,1,2,1,1,1,1
279622,7,2,2,1,3,2,1,3,1,3,2,4,1,1,1,1
279622,11,6,6,3,3,2,3,4,1,3,1,5,1,1,1,1
279622,9,1,1,3,2,1,3,3,3,2,1,4,1,1,1,1
279622,1,7,7,3,1,1,1,1,2,2,2,2,1,1,1,1